Listings,Price,Room Type,Reviews,Location
Large bedroom steps to subway,69,Private room,7 reviews,"Crown Heights, Brooklyn"
1 Bedroom Sunny Charming Apartment,120,Entire home/apt,1 review,"Bedford-Stuyvesant, Brooklyn"
Sunny Private Williamsburg room,100,Private room,8 reviews,"Williamsburg, Brooklyn"
Luminous 2BR in Park Slope NYC,169,Entire home/apt,10 reviews,"Park Slope, Brooklyn"
Large Cozy & Private! BRKLN HEIGHTS,100,Private room,18 reviews,"Brooklyn Heights, Brooklyn"
Beautiful Private Room by the park,80,Private room,3 reviews,"Williamsburg, Brooklyn"
Private Room in Modern Condo w/View,115,Private room,23 reviews,"Bedford-Stuyvesant, Brooklyn"
"Room & Breakfast, Steps to L Train",65,Private room,114 reviews,"Bushwick, Brooklyn"
Rare Historic Gem in Williamsburg,89,Private room,65 reviews,"Williamsburg, Brooklyn"
Beautiful central bright loft apt.,200,Entire home/apt,36 reviews,"Williamsburg, Brooklyn"
Big BR in W'Burg - pvt terrace/view,99,Private room,26 reviews,"Williamsburg, Brooklyn"
Great Views Park Slope Barclay's,140,Entire home/apt,16 reviews,"Park Slope, Brooklyn"
"Huge factory loft, prime location",225,Entire home/apt,36 reviews,"Williamsburg, Brooklyn"
Sunny bedroom in Bushwick + Rooftop,45,Private room,7 reviews,"Bedford-Stuyvesant, Brooklyn"
Modern Penthouse Apt in Greenpoint,179,Entire home/apt,54 reviews,"Greenpoint, Brooklyn"
Stunning Room in Brooklyn New York,110,Private room,61 reviews,"Williamsburg, Brooklyn"
Beautiful 2 bedroom with Patio,200,Entire home/apt,4 reviews,"Prospect Heights, Brooklyn"
Bright BK studio apt (Ft. Greene),95,Entire home/apt,11 reviews,"Fort Greene, Brooklyn"
"Stylish 3 Bedrm, perfect for groups",171,Entire home/apt,17 reviews,"Prospect Heights, Brooklyn"
Quiet>Sunny>Views>Gym>Williamsburg,125,Entire home/apt,13 reviews,"Williamsburg, Brooklyn"
Private room in a brownstone,80,Private room,14 reviews,"Bedford-Stuyvesant, Brooklyn"
Lovely Bedrooms in Artist's Home,94,Private room,50 reviews,"Clinton Hill, Brooklyn"
Option of 2 Beds w Private Bathroom,58,Private room,33 reviews,"Bushwick, Brooklyn"
"LEGAL PARK SLOPE 4 BR, ROOF TERRACE",500,Entire home/apt,47 reviews,"Park Slope, Brooklyn"
Charming Cobble Hill apartment!,100,Private room,25 reviews,"Carroll Gardens, Brooklyn"
Cozy Top Floor Room of Brownstone,65,Private room,4 reviews,"Park Slope, Brooklyn"
"Unique Bushwick Loft, Great View!",75,Private room,13 reviews,"Williamsburg, Brooklyn"
Spacious & Sunny in Prime Brooklyn,150,Entire home/apt,25 reviews,"Clinton Hill, Brooklyn"
Palace in the Sky,295,Entire home/apt,15 reviews,"Williamsburg, Brooklyn"
NEW! Airy 2 Bedroom Brownstone,110,Entire home/apt,11 reviews,"Bedford-Stuyvesant, Brooklyn"
Park Slope Brooklyn!  Sunny Bedroom,105,Private room,111 reviews,"Park Slope, Brooklyn"
Huge Apartment,400,Entire home/apt,O reviews,"Williamsburg, Brooklyn"
Adorable studio in Park Slope!,165,Entire home/apt,8 reviews,"Park Slope, Brooklyn"
Lovely Room in Gorgeous BK Brwnstn!,90,Private room,13 reviews,"Bedford-Stuyvesant, Brooklyn"
Historic House in Williamsburg,109,Private room,70 reviews,"Williamsburg, Brooklyn"
IDEALLY LOCATED - WHOLE APARTMENT,130,Entire home/apt,40 reviews,"Boerum Hill, Brooklyn"
BUDGET ROOM 15 MINUTES TO MANHATTAN,59,Private room,3 reviews,"Bushwick, Brooklyn"
FAB BKLYN ROOM&BATH&OWN ENTRANCE,110,Private room,49 reviews,"Fort Greene, Brooklyn"
9D Private Room in W'Burg,100,Private room,2 reviews,"Williamsburg, Brooklyn"
1 Blk to Subway + Prospect Park B,50,Private room,27 reviews,"Flatbush, Brooklyn"
Cheap Budget Private Room #1,39,Private room,2 reviews,"Bushwick, Brooklyn"
1 Blk to Subway + Prospect Park D,50,Private room,20 reviews,"Flatbush, Brooklyn"
Dream Loft 10 Min to Manhattan,95,Private room,17 reviews,"Williamsburg, Brooklyn"
Master Bedroom (Private Entrance),69,Private room,8 reviews,"Bushwick, Brooklyn"
Williamsburg Loft = Sunshine City!,180,Entire home/apt,4 reviews,"Williamsburg, Brooklyn"
Spacious 1BR NYC home base in BKLN!,97,Entire home/apt,4 reviews,"Park Slope, Brooklyn"
Guestroom w/ 2 beds 20 mins to NYC,55,Private room,87 reviews,"Bushwick, Brooklyn"
Amazing Boerum Hill Apartment!,170,Entire home/apt,46 reviews,"Boerum Hill, Brooklyn"
Williamsburg 1 bedroom Apartment,135,Entire home/apt,48 reviews,"Williamsburg, Brooklyn"
Bright and Beautiful Brooklyn Apt.,139,Entire home/apt,35 reviews,"Park Slope, Brooklyn"
Sunny WILLIAMSBURG. Home Sweet Home,200,Entire home/apt,78 reviews,"Williamsburg, Brooklyn"
Private room in a brownstone,80,Private room,14 reviews,"Bedford-Stuyvesant, Brooklyn"
Sunny 1BR with Terrace/City Views,169,Entire home/apt,3 reviews,"Williamsburg, Brooklyn"
Best Location in Prospect Heights!,110,Entire home/apt,11 reviews,"Prospect Heights, Brooklyn"
Beautiful Private Room with Bath,65,Private room,43 reviews,"Bedford-Stuyvesant, Brooklyn"
Best Location: Every Subway Here!,69,Private room,50 reviews,"Park Slope, Brooklyn"
Red Brick Bungalow in NYC,108,Private room,9 reviews,"Carroll Gardens, Brooklyn"
"Williamsburg, Brooklyn NY",225,Entire home/apt,26 reviews,"Williamsburg, Brooklyn"
Skylight BR in Gorgeous Rooftop Apt,59,Private room,74 reviews,"Bushwick, Brooklyn"
Stunning! Williamsburg Dream Room.,110,Private room,49 reviews,"Williamsburg, Brooklyn"
Williamsburg Luxury-Steps To Subway,90,Private room,159 reviews,"Williamsburg, Brooklyn"
Amazing Boerum Hill Apartment!,170,Entire home/apt,46 reviews,"Boerum Hill, Brooklyn"
Beautiful Studio Apartment,95,Private room,27 reviews,"Park Slope, Brooklyn"
Convenient Spacious LUX with VIEW!,95,Private room,42 reviews,"Williamsburg, Brooklyn"
PRIVATE 2 BR SUITE N 2 STORY DUPLEX,69,Private room,13 reviews,"Williamsburg, Brooklyn"
"Delightful,Private,Brooklyn studio",90,Private room,112 reviews,"Bedford-Stuyvesant, Brooklyn"
NYC gorgeous private room and bath,72,Private room,71 reviews,"Bedford-Stuyvesant, Brooklyn"
Private Room & Bath w/City Views,75,Private room,56 reviews,"Bedford-Stuyvesant, Brooklyn"
Charming studio apartment!,116,Entire home/apt,30 reviews,"Fort Greene, Brooklyn"
Sun filled 2BR in BedStuy Townhouse,125,Entire home/apt,34 reviews,"Bedford-Stuyvesant, Brooklyn"
Your OWN Private Garden Apartment,120,Entire home/apt,12 reviews,"Clinton Hill, Brooklyn"
Best Bedroom with Private Bathroom,89,Private room,10 reviews,"Williamsburg, Brooklyn"
IDEALLY LOCATED - WHOLE APARTMENT,130,Entire home/apt,40 reviews,"Boerum Hill, Brooklyn"
"Wiliamsburg 3BDR ,Private Deck",320,Entire home/apt,3 reviews,"Williamsburg, Brooklyn"
3br in Neo-French Reniassance Home,164,Entire home/apt,15 reviews,"Lefferts Garden, Brooklyn"
Luxury Loft Private Room B (3C),100,Private room,13 reviews,"Williamsburg, Brooklyn"
"Best Location, Spacious and Sunny!",87,Private room,11 reviews,"Williamsburg, Brooklyn"
"BIG & SUNNY, 1 STOP FROM MANHATTAN",300,Entire home/apt,15 reviews,"Fort Greene, Brooklyn"
Cozy Room on Prospect Park!,50,Private room,52 reviews,"Flatbush, Brooklyn"
Perfect room at perfect location,60,Private room,13 reviews,"Flatbush, Brooklyn"
Spacious Heart of Ft. Greene Studio,100,Entire home/apt,29 reviews,"Fort Greene, Brooklyn"
Spacious private room in loft,100,Private room,15 reviews,"Greenpoint, Brooklyn"
SUNNY WILLIAMSBURG ARTIST LOFT,189,Entire home/apt,58 reviews,"Williamsburg, Brooklyn"
Sunny Studio in Ft. Greene,100,Entire home/apt,5 reviews,"Fort Greene, Brooklyn"
carriage house apartment,150,Entire home/apt,70 reviews,"Clinton Hill, Brooklyn"
Lovely Spacious Private Room,85,Private room,9 reviews,"Flatbush, Brooklyn"
2nd Fl Bklyn Brownstone Apt!,100,Entire home/apt,32 reviews,"Lefferts Garden, Brooklyn"
"Huge Brooklyn Loft w/Deck, NYC View",65,Private room,37 reviews,"Bedford-Stuyvesant, Brooklyn"
Williamsburg Spacious Studio,150,Entire home/apt,6 reviews,"Williamsburg, Brooklyn"
Picture Perfect Brooklyn Apartment,70,Private room,O reviews,"Brooklyn Heights, Brooklyn"
Sunny+Cozy Double bedroom in BKLYN!,53,Private room,73 reviews,"East Flatbush, Brooklyn"
Gorgeous French Garden cottage-N 8t,119,Entire home/apt,28 reviews,"Williamsburg, Brooklyn"
Sunny Room in Williamsburg Loft,100,Private room,11 reviews,"Williamsburg, Brooklyn"
Beautiful Room w/ Rooftop Patio!,80,Private room,13 reviews,"Williamsburg, Brooklyn"
Sunny Private Room in Williamsburg,80,Private room,42 reviews,"Williamsburg, Brooklyn"
Modern One bedroom in Williamsburg,260,Entire home/apt,8 reviews,"Greenpoint, Brooklyn"
Private Studio in Greenpoint,130,Entire home/apt,4 reviews,"Greenpoint, Brooklyn"
FAB BKLYN ROOM&BATH&OWN ENTRANCE,110,Private room,49 reviews,"Fort Greene, Brooklyn"
Beautiful 1 br in Williamsburg,140,Entire home/apt,10 reviews,"Williamsburg, Brooklyn"
Private Room and Private Bathroom,70,Private room,21 reviews,"Prospect Heights, Brooklyn"
Luxury Loft Private Room A (3C),100,Private room,17 reviews,"Williamsburg, Brooklyn"
The Bushwick Bedroom,50,Private room,O reviews,"Bushwick, Brooklyn"
SUNNY WILLIAMSBURG ARTIST LOFT,189,Entire home/apt,58 reviews,"Williamsburg, Brooklyn"
"Warm, light-filled home in Brooklyn",135,Entire home/apt,7 reviews,"Bedford-Stuyvesant, Brooklyn"
Mayor's Mansion - Carlton_Suite,135,Private room,7 reviews,"Fort Greene, Brooklyn"
"LARGE PRIVATE FLOOR IN BROOKLYN, NY",90,Entire home/apt,79 reviews,"Bedford-Stuyvesant, Brooklyn"
Quirky Duplex - Historic Park Slope,85,Private room,37 reviews,"Park Slope, Brooklyn"
Best location in Brooklyn!,110,Private room,21 reviews,"Park Slope, Brooklyn"
"Lg. Cozy Park Slope ""Railroad"" Apt",130,Entire home/apt,12 reviews,"Park Slope, Brooklyn"
Sunny private room featured in film,94,Private room,83 reviews,"Flatbush, Brooklyn"
Bedford Stuyvesant Urban Hang Suite,150,Entire home/apt,51 reviews,"Bedford-Stuyvesant, Brooklyn"
Northside Williamsburg Brooklyn Sm,55,Private room,O reviews,"Williamsburg, Brooklyn"
Park Slope Private Room and Bath,65,Private room,24 reviews,"Park Slope, Brooklyn"
"LEGAL PARK SLOPE 4 BR, ROOF TERRACE",500,Entire home/apt,47 reviews,"Park Slope, Brooklyn"
Bedroom in Artsy Williamsburg loft,50,Private room,8 reviews,"Williamsburg, Brooklyn"
Prime Location in Bed-Stuy,110,Entire home/apt,5 reviews,"Bedford-Stuyvesant, Brooklyn"
Funky and Freshh - Greenpoint!,55,Private room,1 review,"Greenpoint, Brooklyn"
"Incredible location, stunning view!",170,Entire home/apt,6 reviews,"Downtown Brooklyn, Brooklyn"
Your OWN Private Garden Apartment,120,Entire home/apt,12 reviews,"Clinton Hill, Brooklyn"
Studio Apt in Park Slope- Brooklyn!,100,Entire home/apt,14 reviews,"Greenwood Heights, Brooklyn"
Beautiful Private Room with Bath,65,Private room,43 reviews,"Bedford-Stuyvesant, Brooklyn"
2bdrm Luxury Apt Fort Greene Bklyn,175,Entire home/apt,113 reviews,"Fort Greene, Brooklyn"
Williamsburg Penthouse Guestroom,75,Private room,6 reviews,"Williamsburg, Brooklyn"
Sunny Room/private bath/ Brownstone,95,Private room,30 reviews,"Park Slope, Brooklyn"
Cozy Dumbo Apartment & Roof View,300,Entire home/apt,6 reviews,"Brooklyn Heights, Brooklyn"
Sun-filled room in Boerum Hill,75,Private room,9 reviews,"Boerum Hill, Brooklyn"
"Cozy, spacious & convenient 1 BR :)",70,Private room,19 reviews,"Bushwick, Brooklyn"
Unforgettable stay in NYC. Book now,60,Private room,6 reviews,"East Flatbush, Brooklyn"
Sunny Private Room in Brooklyn,60,Private room,11 reviews,"Crown Heights, Brooklyn"
Prospect Park. Bikes. Garden.Trendy,65,Private room,8 reviews,"Flatbush, Brooklyn"
Huge Room in South Williamsburg,75,Private room,68 reviews,"Williamsburg, Brooklyn"
Great Loft - Private Room & Bath,110,Private room,62 reviews,"Windsor Terrace, Brooklyn"
Guestroom w/ 2 beds 20 mins to NYC,55,Private room,87 reviews,"Bushwick, Brooklyn"
Park Slope Green Guest House,135,Entire home/apt,218 reviews,"Park Slope, Brooklyn"
Gorgeous duplex 1 BR Brownstone apt,125,Entire home/apt,21 reviews,"Clinton Hill, Brooklyn"
Private Room in Beautiful Brooklyn,65,Private room,19 reviews,"Flatbush, Brooklyn"
NYC Special Occasions Room #2,27,Private room,63 reviews,"Bedford-Stuyvesant, Brooklyn"
Bargain Private Room #1,29,Private room,9 reviews,"Bushwick, Brooklyn"
Private Bedroom,60,Private room,8 reviews,"Bushwick, Brooklyn"
Authentic Artist Loft in Brooklyn,299,Entire home/apt,2 reviews,"Gowanus, Brooklyn"
"BEAUTIFUL APARTMENT, GREAT LOCATION",250,Entire home/apt,5 reviews,"Boerum Hill, Brooklyn"
Bright and Beautiful Brooklyn Apt.,139,Entire home/apt,35 reviews,"Park Slope, Brooklyn"
Sun-drenched 1 Bedroom on the Park,131,Entire home/apt,23 reviews,"Greenpoint, Brooklyn"
Huge Studio like-BR w/ PR Bathroom,108,Private room,6 reviews,"Williamsburg, Brooklyn"
Private Studio in Greenpoint,130,Entire home/apt,4 reviews,"Greenpoint, Brooklyn"
Williamsburg Loft City-River Views!,280,Entire home/apt,11 reviews,"Williamsburg, Brooklyn"
Beautiful Penthouse Apt - Brooklyn,150,Entire home/apt,1 review,"Prospect Heights, Brooklyn"
Lovely Bklyn Heights brownstone 1BR,135,Entire home/apt,17 reviews,"Brooklyn Heights, Brooklyn"
Big King Room in Williamsburg,86,Private room,32 reviews,"Williamsburg, Brooklyn"
Nice room next to Prospect Park!,59,Private room,43 reviews,"Lefferts Garden, New York"
Luxury 1 bd with Balcony & Office,250,Entire home/apt,15 reviews,"DUMBO, Brooklyn"
Private Bedroom in Wooden House,90,Private room,107 reviews,"Williamsburg, Brooklyn"
PRIME 1br in Williamsburg,135,Entire home/apt,47 reviews,"Williamsburg, Brooklyn"
Gorgeous Williamsburg 1 Bedroom Apt,209,Entire home/apt,154 reviews,"Williamsburg, Brooklyn"
Sunny Spacious Williamsburg Apt!,135,Entire home/apt,9 reviews,"Williamsburg, Brooklyn"
"Cozy, spacious & convenient 1 BR :)",70,Private room,19 reviews,"Bushwick, Brooklyn"
"Huge factory loft, prime location",225,Entire home/apt,36 reviews,"Williamsburg, Brooklyn"
Sunny+Cozy Double bedroom in BKLYN!,53,Private room,73 reviews,"East Flatbush, Brooklyn"
2 story family home in Williamsburg,285,Entire home/apt,153 reviews,"Williamsburg, Brooklyn"
Charming Townhouse 2BD/2BTH w Patio,185,Entire home/apt,69 reviews,"Clinton Hill, Brooklyn"
Beautiful Brooklyn share apartment,45,Shared room,11 reviews,"Bay Ridge, Brooklyn"
3BR/2BA Duplex - 1m to subway!,165,Entire home/apt,4 reviews,"Bedford-Stuyvesant, Brooklyn"
Comfortable Modern Room in Bed-Stuy,45,Private room,40 reviews,"Bedford-Stuyvesant, Brooklyn"
The Wedge House—Single Fam. Home,125,Entire home/apt,5 reviews,"Williamsburg, Brooklyn"
NYC Brklyn Cozy Rustic Artist Home,46,Private room,15 reviews,"Bushwick, Brooklyn"
Private Room,80,Private room,10 reviews,"Park Slope, Brooklyn"
Spacious 1BR NYC home base in BKLN!,97,Entire home/apt,4 reviews,"Park Slope, Brooklyn"
Zen Luxury Loft with Private Bath,72,Private room,17 reviews,"Williamsburg, Brooklyn"
Tranquil Single Bedroom in BKLYN!,53,Private room,38 reviews,"Flatbush, Brooklyn"
Big n Dreamy Room in Clinton Hill,80,Private room,7 reviews,"Clinton Hill, Brooklyn"
Cozy bedroom in My Loft in New York,79,Private room,56 reviews,"Williamsburg, Brooklyn"
Spacious Back Room in Brownstone,110,Private room,6 reviews,"Park Slope, Brooklyn"
"BIG & SUNNY, 1 STOP FROM MANHATTAN",300,Entire home/apt,15 reviews,"Fort Greene, Brooklyn"
Best Location in Prospect Heights!,110,Entire home/apt,11 reviews,"Prospect Heights, Brooklyn"
Master Bedroom (Private Entrance),69,Private room,8 reviews,"Bushwick, Brooklyn"
Modern & Cozy Heart of Park Slope,110,Entire home/apt,1 review,"Park Slope, Brooklyn"
"The M, a Charming Garden Apartment",110,Entire home/apt,32 reviews,"Bedford-Stuyvesant, Brooklyn"
Spacious Heart of Ft. Greene Studio,100,Entire home/apt,29 reviews,"Fort Greene, Brooklyn"
Cheap Budget Private Room #1,39,Private room,2 reviews,"Bushwick, Brooklyn"
Sunny WILLIAMSBURG. Home Sweet Home,200,Entire home/apt,78 reviews,"Williamsburg, Brooklyn"
Brooklyn NY Studio，Private Bathroom,60,Private room,O reviews,"Bay Ridge, Brooklyn"
Share a Private HOME - Brooklyn,75,Private room,26 reviews,"Bedford-Stuyvesant, Brooklyn"
"Fresh, Clean Brooklyn Garden Apt.",150,Entire home/apt,66 reviews,"Clinton Hill, Brooklyn"
Cozy Room With private 1/2 bath,75,Private room,100 reviews,"Park Slope, Brooklyn"
Gorgeous Room in Brooklyn New York,105,Private room,58 reviews,"Williamsburg, Brooklyn"
Comfy & Quiet stay in Greenpoint!,70,Private room,105 reviews,"Greenpoint, Brooklyn"
Rooftop Garden Condo-DwntwnBK/DUMBO,150,Entire home/apt,11 reviews,"Fort Greene, Brooklyn"
Gorgeous Sky-lit 2br (hidden gem),175,Entire home/apt,68 reviews,"Williamsburg, Brooklyn"
Modern Meets Vintage in Cobble Hill,78,Private room,42 reviews,"Boerum Hill, Brooklyn"
Bright  1BR Near 7th Ave F Train!,150,Entire home/apt,21 reviews,"Park Slope, Brooklyn"
"Big bright room, great neighborhood",70,Private room,6 reviews,"Windsor Terrace, Brooklyn"
Luxury Lofted Williamsburg 3bd,345,Entire home/apt,55 reviews,"Williamsburg, Brooklyn"
Prospect Heights Pied-a-terre,119,Entire home/apt,3 reviews,"Crown Heights, Brooklyn"
Sunny & Spacious in Park Slope,200,Entire home/apt,11 reviews,"Park Slope, Brooklyn"
"BEST DEAL IN BROOKLYN, FULL SIZE BD",45,Private room,38 reviews,"East New York, Brooklyn"
Private Master Suite in Park Slope,115,Private room,93 reviews,"Park Slope, Brooklyn"
Sunny Industrial Loft in Brooklyn,175,Entire home/apt,22 reviews,"Greenpoint, Brooklyn"
Williamsburg Penthouse For A Cause,110,Private room,113 reviews,"Williamsburg, Brooklyn"
carriage house apartment,150,Entire home/apt,70 reviews,"Clinton Hill, Brooklyn"
Private Room in 4Bed- Williamsburg,60,Private room,2 reviews,"Williamsburg, Brooklyn"
Best Neighborhood Carroll Gardens,275,Entire home/apt,36 reviews,"Carroll Gardens, Brooklyn"
Private Bedroom in Wooden House,90,Private room,107 reviews,"Williamsburg, Brooklyn"
"Piano, Skyline View, L and M Trains",55,Private room,21 reviews,"Bushwick, Brooklyn"
"""The Country"" & the NYC Waterfront!",160,Entire home/apt,78 reviews,"Williamsburg, Brooklyn"
Spacious Clinton Hill Apartment,110,Entire home/apt,25 reviews,"Clinton Hill, Brooklyn"
Sunny 1BR with Terrace/City Views,169,Entire home/apt,3 reviews,"Williamsburg, Brooklyn"
Cozy Bedroom in Cute BK Apartment!,55,Private room,9 reviews,"Bedford-Stuyvesant, Brooklyn"
Cozy Room on Prospect Park!,50,Private room,52 reviews,"Flatbush, Brooklyn"
Spacious & Stylish-Central location,150,Entire home/apt,23 reviews,"Williamsburg, New York"
Sunny Studio in Ft. Greene,100,Entire home/apt,5 reviews,"Fort Greene, Brooklyn"
NICE ROOM #1 ~ AWESOME LOCATION!!,139,Private room,21 reviews,"Williamsburg, Brooklyn"
Cozy Carroll Gardens Brownstone Apt,175,Entire home/apt,48 reviews,"Carroll Gardens, Brooklyn"
Perfect room at perfect location,60,Private room,13 reviews,"Flatbush, Brooklyn"
Private Room/Heart of Williamsburg,85,Shared room,5 reviews,"Williamsburg, Brooklyn"
BUDGET ROOM 15 MINUTES TO MANHATTAN,59,Private room,3 reviews,"Bushwick, Brooklyn"
Room for a girl in Park Slope,45,Private room,15 reviews,"Park Slope, Brooklyn"
Big Loft in Heart of Williamsburg,300,Entire home/apt,5 reviews,"Williamsburg, Brooklyn"
Sunny & modern  1bd/1ba home,140,Entire home/apt,11 reviews,"Clinton Hill, Brooklyn"
Quiet Studio in Limestone Townhouse,185,Entire home/apt,13 reviews,"Park Slope, Brooklyn"
Spacious private room in loft,100,Private room,15 reviews,"Greenpoint, Brooklyn"
"Wiliamsburg 3BDR ,Private Deck",320,Entire home/apt,3 reviews,"Williamsburg, Brooklyn"
Bedford Stuyvesant Urban Hang Suite,150,Entire home/apt,51 reviews,"Bedford-Stuyvesant, Brooklyn"
Prime Location in Bed-Stuy,110,Entire home/apt,5 reviews,"Bedford-Stuyvesant, Brooklyn"
2 bdr Park Slope Gem,175,Entire home/apt,O reviews,"Park Slope, Brooklyn"
PRIME 1br in Williamsburg,135,Entire home/apt,47 reviews,"Williamsburg, Brooklyn"
"Exquisite MasterSuite, Private Bath",110,Entire home/apt,38 reviews,"Gowanus, Brooklyn"
ENTIRE 3 BEDROOM + 2 STORY DUPLEX,99,Entire home/apt,3 reviews,"Williamsburg, Brooklyn"
Private room in beautiful loft,68,Private room,38 reviews,"Clinton Hill, Brooklyn"
Cozy 1br home for your stay in BK!,125,Entire home/apt,1 review,"Prospect Heights, Brooklyn"
XL Fort Greene Garden Apt,99,Private room,12 reviews,"Fort Greene, Brooklyn"
Contemporary Architect's Brownstone,495,Entire home/apt,16 reviews,"Park Slope, Brooklyn"
Sun soaked studio in Williamsburg,159,Entire home/apt,12 reviews,"Williamsburg, Brooklyn"
Cozy clean quiet room December sale,65,Private room,1 review,"Bedford-Stuyvesant, Brooklyn"
Luxury Loft Private Room B (3C),100,Private room,13 reviews,"Williamsburg, Brooklyn"
Large sunny room across from park,60,Private room,3 reviews,"Bushwick, Brooklyn"
Cheap Budget Private Room #3,39,Private room,8 reviews,"Bushwick, Brooklyn"
Specious room in Brooklyn!!,75,Private room,2 reviews,"Crown Heights, Brooklyn"
Modern 1br loft apt in Williamsburg,175,Entire home/apt,8 reviews,"Williamsburg, Brooklyn"
"1Bedroom, Seconds from L train",81,Private room,20 reviews,"Bushwick, Brooklyn"
Carroll Gardens Guest Apartment,275,Entire home/apt,1 review,"Carroll Gardens, Brooklyn"
Williamsburg Luxury-Steps To Subway,90,Private room,159 reviews,"Williamsburg, Brooklyn"
Cozy Park Slope One Bedroom,149,Entire home/apt,11 reviews,"Park Slope, Brooklyn"
"Cozy, Bright Bushwick Room off L&M",53,Private room,4 reviews,"Bushwick, Brooklyn"
The Real Cool Large Private Deal,195,Entire home/apt,85 reviews,"Williamsburg, Brooklyn"
Sunny Suite Sleeps Up To Six,150,Entire home/apt,1 review,"Flatbush, Brooklyn"
Stunning and Modern next to Park,99,Entire home/apt,19 reviews,"Prospect Heights, Brooklyn"
Charming Brooklyn Garden House,275,Entire home/apt,23 reviews,"Park Slope, Brooklyn"
Sunny Room in Classic Artist's Loft,85,Private room,40 reviews,"Greenpoint, Brooklyn"
Hip/Trendy Brooklyn Loft Apartment.,45,Private room,6 reviews,"Bedford-Stuyvesant, Brooklyn"
Great Price for Perfect Location!,57,Private room,44 reviews,"Williamsburg, Brooklyn"
Spacious Clinton Hill Apartment,110,Entire home/apt,25 reviews,"Clinton Hill, Brooklyn"
East Williamsburg Artist Loft,50,Private room,14 reviews,"Williamsburg, Brooklyn"
Beautiful Brooklyn Heights Studio,149,Entire home/apt,10 reviews,"Brooklyn Heights, Brooklyn"
Fireplace! Apt Steps to Manhattan,185,Entire home/apt,38 reviews,"Downtown Brooklyn, Brooklyn"
"large bdroom, priv bth, priv living",85,Private room,26 reviews,"Bedford-Stuyvesant, Brooklyn"
Cheap Budget Private Room #4,39,Private room,14 reviews,"Bushwick, Brooklyn"
Large room w/ private office & bath,150,Private room,5 reviews,"Williamsburg, Brooklyn"
Quiet apartment in Williamsburg,130,Private room,64 reviews,"Williamsburg, Brooklyn"
Stunning! Williamsburg Dream Room.,110,Private room,49 reviews,"Williamsburg, Brooklyn"
MASSIVE SUITE + PRIVATE BATHROOM!!!,95,Private room,10 reviews,"Bushwick, Brooklyn"
Prime Carroll Gardens 1BR Apartment,185,Entire home/apt,19 reviews,"Gowanus, Brooklyn"
"Cozy, Clean Cobble Hill Brownstone",140,Entire home/apt,59 reviews,"Cobble Hill, Brooklyn"
Personal Studio in Crown Heights,79,Private room,12 reviews,"Crown Heights, Brooklyn"
Cozy bedroom in My Loft in New York,79,Private room,56 reviews,"Williamsburg, Brooklyn"
Modern Cozy Brownstone Apartment,95,Private room,42 reviews,"Williamsburg, Brooklyn"
A Breathtaking Brooklyn Experience!,99,Private room,154 reviews,"Fort Greene, Brooklyn"
Gorgeous Private 1 Bedroom,105,Private room,7 reviews,"Clinton Hill, Brooklyn"
Pretty and Private in Clinton Hill,100,Private room,1 review,"Clinton Hill, Brooklyn"
Cozy Bedroom in Cute BK Apartment!,55,Private room,9 reviews,"Bedford-Stuyvesant, Brooklyn"
BIG BROOKLYN ROOM A- NEXT TO METRO!,70,Private room,7 reviews,"Bedford-Stuyvesant, Brooklyn"
The Garden Apartment,150,Entire home/apt,3 reviews,"Park Slope, Brooklyn"
1 Bedroom Sunny Charming Apartment,120,Entire home/apt,1 review,"Bedford-Stuyvesant, Brooklyn"
"Private, Full Room, Very Quiet!",70,Private room,125 reviews,"Williamsburg, Brooklyn"
Lofty Townhouse Duplex w/ Roof Deck,238,Entire home/apt,43 reviews,"Park Slope, Brooklyn"
Large/bright Entire Apt. Lorimer L,130,Entire home/apt,129 reviews,"Williamsburg, Brooklyn"
Prospect Heights Pied-a-terre,119,Entire home/apt,3 reviews,"Crown Heights, Brooklyn"
New 1BR + 1BA with Private Entrance,89,Private room,20 reviews,"Bedford-Stuyvesant, Brooklyn"
COSY BEDROOM IN HUGE LOFT.,59,Private room,38 reviews,"Fort Greene, Brooklyn"
Lux 40th Flr Apt in Brooklyn Hghts,225,Entire home/apt,68 reviews,"Downtown Brooklyn, Brooklyn"
Comfy Queen Size Bed in Brooklyn,45,Private room,14 reviews,"East New York, Brooklyn"
Sweet and Neat Cobble Hill 1 BR,199,Entire home/apt,28 reviews,"Cobble Hill, Brooklyn"
Large Factory Loft! Steps to LTrain,80,Private room,27 reviews,"Williamsburg, Brooklyn"
Ebony & Ivory Close to Manhattan,99,Entire home/apt,4 reviews,"Bedford-Stuyvesant, Brooklyn"
Idyllic Boerum Hill One Bedroom,175,Entire home/apt,6 reviews,"Boerum Hill, Brooklyn"
"Spacious, Spotless 1Bd- BK Heights!",150,Entire home/apt,89 reviews,"Brooklyn Heights, Brooklyn"
Stunning 23 fl bedroom with views,125,Private room,22 reviews,"Downtown Brooklyn, Brooklyn"
"Big Sunny Guest Room, W'burg Bridge",74,Private room,106 reviews,"Williamsburg, Brooklyn"
"Deluxe 3 BDR ,1,5 bath, Near Subway",295,Entire home/apt,4 reviews,"Williamsburg, Brooklyn"
"Large Sunny Apt., Great Location!",125,Entire home/apt,3 reviews,"Prospect Heights, Brooklyn"
Modern Penthouse Apt in Greenpoint,179,Entire home/apt,54 reviews,"Greenpoint, Brooklyn"
Private Room in WBerg Flat 4B,90,Private room,28 reviews,"Williamsburg, Brooklyn"
Great 1 Bedroom  in Williamsburg!,140,Entire home/apt,40 reviews,"Williamsburg, Brooklyn"
Lovely Room in Gorgeous BK Brwnstn!,90,Private room,13 reviews,"Bedford-Stuyvesant, Brooklyn"
Charming and Cozy 1 Bedroom,145,Entire home/apt,6 reviews,"Carroll Gardens, Brooklyn"
big riverside 1bedrm williamsburg!,230,Entire home/apt,6 reviews,"Williamsburg, Brooklyn"
"Room in modern, Brooklyn apartment",65,Private room,32 reviews,"Bedford-Stuyvesant, Brooklyn"
Comfortable one bedroom with patio,150,Entire home/apt,2 reviews,"Fort Greene, Brooklyn"
THIS IS YOUR BEST BROOKLYN HOME,65,Private room,O reviews,"Bay Ridge, Brooklyn"
Perfect in Park Slope: EZ 2 NYC,150,Entire home/apt,11 reviews,"Park Slope, Brooklyn"
"Convenient, Renovated 2 Bedroom",175,Entire home/apt,37 reviews,"Carroll Gardens, Brooklyn"
2 bedroom apt in brick townhouse,115,Entire home/apt,44 reviews,"Brooklyn Navy Yard, Brooklyn"
Cosy room in Brooklyn loft,80,Private room,3 reviews,"Williamsburg, Brooklyn"
"Brooklyn Brownstone, Private Room",85,Private room,74 reviews,"Prospect Heights, Brooklyn"
Bargain Room #3 - Special Low Price,29,Private room,4 reviews,"Bushwick, Brooklyn"
Beautiful Studio Apartment,95,Private room,27 reviews,"Park Slope, Brooklyn"
HUGE Loft! Comfy! Light! Plants!,61,Private room,40 reviews,"Bushwick, Brooklyn"
Charming Boerum Hill - Private Deck,85,Private room,86 reviews,"Boerum Hill, Brooklyn"
Convenient Spacious LUX with VIEW!,95,Private room,42 reviews,"Williamsburg, Brooklyn"
Bright Sunny 8x13 Williamsburg Room,60,Private room,4 reviews,"Williamsburg, Brooklyn"
Huge Loft in Prime Williamsburg!,110,Private room,10 reviews,"Williamsburg, Brooklyn"
COZY ROOM STEPS FROM L TRAIN,40,Private room,3 reviews,"Williamsburg, Brooklyn"
"Beautiful, Bright Studio-Park Slope",130,Entire home/apt,9 reviews,"Park Slope, Brooklyn"
"WINTER SALE. NYC, BUSHWICK LOFT!!",110,Entire home/apt,14 reviews,"Bushwick, Brooklyn"
Lovely architect's studio 4-day min,98,Entire home/apt,3 reviews,"Fort Greene, Brooklyn"
Spacious room in cozy Boerum Hill,90,Private room,73 reviews,"Boerum Hill, Brooklyn"
Sunny quiet private 3rd floor room,39,Private room,16 reviews,"Crown Heights, Brooklyn"
"Sunny 1BD, Graham Ave, Williamsburg",77,Private room,5 reviews,"Williamsburg, Brooklyn"
Sunfilled Skylit Townhouse 3BD,185,Entire home/apt,68 reviews,"Clinton Hill, Brooklyn"
The Institute—Heart of Williamsburg,250,Entire home/apt,97 reviews,"Williamsburg, Brooklyn"
Cozy Room in Charming Brownstone,55,Private room,16 reviews,"Sunset Park, Brooklyn"
Modern Minimalist Williamsburg Loft,189,Entire home/apt,85 reviews,"Greenpoint, Brooklyn"
Quintessential Brooklyn...!!,108,Entire home/apt,11 reviews,"Boerum Hill, Brooklyn"
Luxury Loft in Prospect Heights,110,Private room,26 reviews,"Prospect Heights, Brooklyn"
private apartment w garden balcony,135,Entire home/apt,30 reviews,"Williamsburg, Brooklyn"
Prime Williamsburg Loft off Bedford,119,Private room,47 reviews,"Williamsburg, Brooklyn"
Park Slope-Private Room/Bath/Entry,115,Private room,88 reviews,"Park Slope, Brooklyn"
Great house in Williamsburg,250,Entire home/apt,9 reviews,"Williamsburg, Brooklyn"
***Huge Room in Bright Open Loft***,110,Private room,29 reviews,"Williamsburg, Brooklyn"
Lovely Room - Lorimer L Train,90,Private room,13 reviews,"Williamsburg, Brooklyn"
Great Loft - Private Room & Bath,110,Private room,62 reviews,"Windsor Terrace, Brooklyn"
Large Room in Beautiful Apartment,87,Private room,24 reviews,"Greenpoint, Brooklyn"
"Lovely Park Slope Apt, Brooklyn",105,Private room,21 reviews,"Park Slope, Brooklyn"
Williamsburg / Modern 1 BR Apt,160,Entire home/apt,2 reviews,"Williamsburg, Brooklyn"
Private Entrance - Garden Apartment,120,Entire home/apt,49 reviews,"Bedford-Stuyvesant, Brooklyn"
Central Williamsburg Fab Large Room,70,Private room,5 reviews,"Williamsburg, Brooklyn"
1 Bedroom with Manhattan Views,140,Entire home/apt,15 reviews,"Downtown Brooklyn, Brooklyn"
"Dreamy room, eclectic Bushwick apt",35,Private room,8 reviews,"Bushwick, Brooklyn"
Your Own Private Room To Sleep In!,54,Private room,14 reviews,"Lefferts Garden, Brooklyn"
Clean&Serene in Scenic Fort Greene,115,Private room,218 reviews,"Fort Greene, Brooklyn"
Convenience and Comfort all in 1!!,50,Private room,11 reviews,"Sunset Park, Brooklyn"
"""The Country"" & the NYC Waterfront!",160,Entire home/apt,78 reviews,"Williamsburg, Brooklyn"
Sunny Williamsburg Penthouse - 2BR,230,Entire home/apt,3 reviews,"Williamsburg, Brooklyn"
"Small Cozy Room, Ideal Location",70,Private room,3 reviews,"Fort Greene, Brooklyn"
Private room in Williamsburg,100,Private room,23 reviews,"Williamsburg, Brooklyn"
Bohemian Paradise in Industrial BK,99,Private room,52 reviews,"Bushwick, Brooklyn"
Bedroom in Designer Brooklyn Loft,85,Private room,4 reviews,"Bushwick, Brooklyn"
* BROOKLYN FACTORY LOFT *,210,Entire home/apt,28 reviews,"Williamsburg, Brooklyn"
Global Modern Garden Apt BedStuy,135,Entire home/apt,63 reviews,"Bedford-Stuyvesant, Brooklyn"
Welcome to a Glasshouse experience!,99,Private room,31 reviews,"Williamsburg, Brooklyn"
Large bedroom steps to subway,69,Private room,7 reviews,"Crown Heights, Brooklyn"
Boerum Hill 2BR Garden Apartment,170,Entire home/apt,29 reviews,"Gowanus, Brooklyn"
"Cozy & Airy 1 bdrm apt, Ft. Greene",150,Entire home/apt,10 reviews,"Fort Greene, Brooklyn"
Chic Victorian Garden Studio Apt.,159,Entire home/apt,92 reviews,"Clinton Hill, Brooklyn"
Lively loft!,49,Private room,63 reviews,"Williamsburg, Brooklyn"
Cozy rooms with private bath,85,Private room,12 reviews,"Kensington, Brooklyn"
Beautiful Space in Brooklyn Heights,275,Entire home/apt,5 reviews,"Brooklyn Heights, Brooklyn"
Beautiful Views from True Brooklyn,65,Private room,20 reviews,"Bedford-Stuyvesant, Brooklyn"
Private Room in Spacious Apartment,60,Private room,11 reviews,"Bedford-Stuyvesant, Brooklyn"
Room in Lux Williamsburg Penthouse,125,Private room,16 reviews,"Williamsburg, Brooklyn"
HUGE SUNNY ROOM 1 PRIME WILLYBURG!!,100,Private room,12 reviews,"Williamsburg, Brooklyn"
Spacious Flat in Williamsburg,175,Entire home/apt,12 reviews,"Williamsburg, Brooklyn"
Sunny Prime Williamsburg,88,Private room,1 review,"Williamsburg, Brooklyn"
Prime Williamsburg 1 bd apartment,200,Entire home/apt,4 reviews,"Greenpoint, Brooklyn"
"Comfy, convenient bedroom in Bklyn!",80,Private room,8 reviews,"Lefferts Garden, Brooklyn"
Beautiful Brooklyn share apartment,45,Shared room,11 reviews,"Bay Ridge, Brooklyn"
Beautiful Brooklyn with garden!,140,Entire home/apt,1 review,"Crown Heights, Brooklyn"
Comfy Queen Size Bed in Brooklyn,45,Private room,14 reviews,"East New York, Brooklyn"
Spacious room # 1,65,Private room,17 reviews,"Bedford-Stuyvesant, Brooklyn"
Great Apt in HEART of Williamsburg!,145,Entire home/apt,24 reviews,"Williamsburg, Brooklyn"
NICE ROOM #2 ~ AWESOME LOCATION!!,129,Private room,21 reviews,"Williamsburg, Brooklyn"
Historic & Modern in Crown Heights,65,Private room,44 reviews,"Crown Heights, Brooklyn"
"Modern, Carroll Garden Townhouse",275,Entire home/apt,5 reviews,"Carroll Gardens, Brooklyn"
"Bright, BedStuy Gem!",75,Entire home/apt,10 reviews,"Bedford-Stuyvesant, Brooklyn"
NYC getaway in Park Slope Brooklyn!,85,Private room,26 reviews,"Park Slope, Brooklyn"
"Private, well-lit room in Bed-Stuy!",40,Private room,4 reviews,"Bedford-Stuyvesant, Brooklyn"
KOZY ROOM IN FORT GREENE BROOKLYN..,79,Private room,92 reviews,"Fort Greene, Brooklyn"
Peaceful Prime Williamsburg,108,Private room,2 reviews,"Williamsburg, Brooklyn"
Private Entrance - Garden Apartment,120,Entire home/apt,49 reviews,"Bedford-Stuyvesant, Brooklyn"
New 3 BR Groups and Familes Welcome,139,Entire home/apt,51 reviews,"Lefferts Garden, Brooklyn"
Elegant Escape in Classic Brooklyn,80,Private room,16 reviews,"Park Slope, Brooklyn"
NYC Special Occasions Room #1,29,Private room,70 reviews,"Bedford-Stuyvesant, Brooklyn"
"Steps From Art, Shopping & Eats",150,Entire home/apt,10 reviews,"Prospect Heights, Brooklyn"
Studio Space-Share Kitch/Bath,75,Private room,15 reviews,"Sunset Park, Brooklyn"
"Charming 1 Bdr Apartment, New York",140,Entire home/apt,5 reviews,"Williamsburg, Brooklyn"
Williamsburg Studio with Garden,150,Entire home/apt,39 reviews,"Williamsburg, Brooklyn"
Zen Eyrie –Airport Pick-Up: JFK/LGA,48,Private room,5 reviews,"East New York, Brooklyn"
"Modern, artsy 2FLR Apt w/backyard!",275,Entire home/apt,8 reviews,"Williamsburg, Brooklyn"
Private Bedroom & Bathroom W/ Yard,65,Private room,29 reviews,"Bushwick, Brooklyn"
Private suite in Brooklyn's Heart,85,Private room,6 reviews,"Boerum Hill, New York"
3BR/2BA Duplex - 1m to subway!,165,Entire home/apt,4 reviews,"Bedford-Stuyvesant, Brooklyn"
"Classic Brownstone Beauty, Sleeps 4",198,Entire home/apt,45 reviews,"Crown Heights, Brooklyn"
LARGE 3 BEDROOM/2 FULL-BATHROOM APT,185,Entire home/apt,10 reviews,"East Flatbush, Brooklyn"
PENTHOUSE EVENT SPACE. ONLY EVENTS,1500,Entire home/apt,18 reviews,Brooklyn
Large bedroom 3 min from N Train,45,Private room,O reviews,"Sunset Park, Brooklyn"
Luxury 1 bd with Balcony & Office,250,Entire home/apt,15 reviews,"DUMBO, Brooklyn"
Sweet Lil Williamsburg One Bedroom,134,Entire home/apt,46 reviews,"Williamsburg, Brooklyn"
Great Room in Bright Amazing Loft!,89,Private room,8 reviews,"Bushwick, Brooklyn"
Northside Williamsburg Brooklyn,77,Private room,O reviews,"Williamsburg, Brooklyn"
Big Cute Room w/Pvt Entry in Duplex,90,Private room,72 reviews,"Bedford-Stuyvesant, Brooklyn"
Beautiful Park Slope Apartment,150,Entire home/apt,5 reviews,"Park Slope, Brooklyn"
BRIGHT SPACIOUS 1BR in CLINTON HILL,180,Entire home/apt,10 reviews,"Clinton Hill, Brooklyn"
the perfect stay in brooklyn,75,Entire home/apt,51 reviews,"Bedford-Stuyvesant, Brooklyn"
Large Factory Loft! Steps to LTrain,80,Private room,27 reviews,"Williamsburg, Brooklyn"
Brooklyn Brownstone Top Floor,130,Entire home/apt,12 reviews,"Bedford-Stuyvesant, Brooklyn"
FLAT MACDONOUGH,125,Entire home/apt,89 reviews,"Bedford-Stuyvesant, Brooklyn"
Sunny Bushwick Loft Subway on Block,129,Entire home/apt,18 reviews,"Williamsburg, Brooklyn"
Designer Loft Penthouse Brooklyn,195,Entire home/apt,56 reviews,"Sunset Park, Brooklyn"
Bedroom in a spacious artsy Loft,50,Private room,43 reviews,"Williamsburg, Brooklyn"
"1 Bedroom Apartment, 1906 Mansion",115,Entire home/apt,8 reviews,"Clinton Hill, Brooklyn"
Bright Star of Brooklyn,108,Private room,10 reviews,"Carroll Gardens, Brooklyn"
Mid-Century Modern Garden Paradise,149,Entire home/apt,21 reviews,"Bushwick, Brooklyn"
"Huge Brooklyn Loft w/Deck, NYC View",65,Private room,37 reviews,"Bedford-Stuyvesant, Brooklyn"
Sunny Spacious Williamsburg Apt!,135,Entire home/apt,9 reviews,"Williamsburg, Brooklyn"
Carroll Gardens Carriage House,90,Private room,27 reviews,"Gowanus, Brooklyn"
"1899 BK Mansion, 15min to Manhattan",65,Private room,5 reviews,"Bushwick, Brooklyn"
1BR condo blocks from Prospect Park,115,Entire home/apt,2 reviews,"Flatbush, Brooklyn"
Bedroom in a spacious artsy Loft,50,Private room,43 reviews,"Williamsburg, Brooklyn"
Sunny Loft In Prime Williamsburg!,300,Entire home/apt,14 reviews,"Williamsburg, Brooklyn"
BED & BATHROOM in BROOKLYN,100,Private room,22 reviews,"Bedford-Stuyvesant, Brooklyn"
Creative Charm in Brooklyn,70,Private room,3 reviews,"Prospect Heights, Brooklyn"
Private Room A in Lux Loft (3B),100,Private room,14 reviews,"Williamsburg, Brooklyn"
"Sunny, beautiful Brooklyn abode",190,Entire home/apt,12 reviews,"Williamsburg, Brooklyn"
"NYC, Modern & Comfortable. THE ONE",199,Entire home/apt,52 reviews,"Williamsburg, Brooklyn"
Brooklyn Penthouse w/ Skyline View,75,Private room,8 reviews,"Crown Heights, Brooklyn"
Large & Private 1 BR in BK Heights!,175,Private room,14 reviews,"Brooklyn Heights, Brooklyn"
Directly Across from Prospect Park!,59,Private room,59 reviews,Brooklyn
Spacious Williamsburg/Bushwick loft,85,Private room,75 reviews,"Bedford-Stuyvesant, Brooklyn"
"Great Room, Great Hosts, Great Hood",40,Private room,28 reviews,"Bushwick, Brooklyn"
Romantic Brooklyn Garden Apt,175,Entire home/apt,17 reviews,"Fort Greene, Brooklyn"
Spacious Sunny 2BR/Prime Greenpoint,200,Entire home/apt,7 reviews,"Greenpoint, Brooklyn"
Private rm in cozy WILLIAMSBURG apt,109,Private room,18 reviews,"Williamsburg, Brooklyn"
Close to Airport and Manhattan!,54,Private room,14 reviews,"Bedford-Stuyvesant, Brooklyn"
Brooklyn Budget Williamsburg NYC 3,50,Private room,71 reviews,"Williamsburg, Brooklyn"
Urban Jungle in Bedford Stuyvesant,110,Entire home/apt,43 reviews,"Bushwick, Brooklyn"
"Sunny Room, Backyard, Rooftop by L",65,Private room,3 reviews,"Bushwick, Brooklyn"
Larger Room,75,Private room,18 reviews,"Bedford-Stuyvesant, Brooklyn"
A home away from home,75,Private room,O reviews,"Bergen Beach, Brooklyn"
The Red Room - Heart of Bklyn,45,Private room,13 reviews,"Lefferts Garden, Brooklyn"
9C Private Room in W'Burg,100,Private room,O reviews,"Williamsburg, Brooklyn"
Large Room in Williamsburg,50,Private room,O reviews,"Williamsburg, Brooklyn"
Brooklyn 1 BR near subway,75,Entire home/apt,10 reviews,"Crown Heights, Brooklyn"
Comfy and Smart on Prospect Park,50,Private room,O reviews,"Lefferts Garden, Brooklyn"
Gorgeous Private 1 Bedroom,105,Private room,7 reviews,"Clinton Hill, Brooklyn"
Large sunny room across from park,60,Private room,3 reviews,"Bushwick, Brooklyn"
Spacious Private Bedroom & Living,99,Private room,165 reviews,"Park Slope, Brooklyn"
Great room in hip Williamsburg,75,Private room,69 reviews,"Williamsburg, Brooklyn"
Picture Perfect Brooklyn Apartment,70,Private room,O reviews,"Brooklyn Heights, Brooklyn"
Park Slope master bedroom,55,Private room,2 reviews,"Gowanus, Brooklyn"
Bushwick Creative Den of Bliss,99,Private room,39 reviews,"Bushwick, Brooklyn"
Bedford Boogie,88,Private room,1 review,"Williamsburg, Brooklyn"
Prospect Heights Views & Vanderbilt,195,Entire home/apt,13 reviews,"Prospect Heights, Brooklyn"
Charming Williamsburg Apartment,140,Entire home/apt,10 reviews,"Williamsburg, Brooklyn"
Brooklyn Brownstone Top Floor,130,Entire home/apt,12 reviews,"Bedford-Stuyvesant, Brooklyn"
Luxury 1 Bedroom in Park Slope,199,Entire home/apt,2 reviews,"Park Slope, Brooklyn"
Large 2 BR apt in quiet brownstone,130,Entire home/apt,43 reviews,"Bedford-Stuyvesant, Brooklyn"
10 Mins to NYC - Washer&Dryer,90,Entire home/apt,27 reviews,"Bedford-Stuyvesant, Brooklyn"
Large BDR in W'burg - Monthly Rate,100,Private room,2 reviews,"Greenpoint, Brooklyn"
Northside Williamsburg Loft,100,Private room,40 reviews,"Williamsburg, Brooklyn"
Large Bedroom 15 Min From Manhattan,50,Private room,41 reviews,"Sunset Park, Brooklyn"
Modern Living in Trendy Brooklyn,180,Entire home/apt,30 reviews,"Boerum Hill, Brooklyn"
Trendy Bushwick neighborhood,70,Private room,6 reviews,"Bushwick, Brooklyn"
Best Room in Bushwick,45,Private room,13 reviews,"Bushwick, Brooklyn"
"Fab, Cozy Brownstone Apt in BedStuy",95,Entire home/apt,82 reviews,"Bedford-Stuyvesant, Brooklyn"
1BR Brownstone w/NYC Skyline View!,195,Entire home/apt,O reviews,"Park Slope, Brooklyn"
"Lovely Room, HUGE 5000 sqft Loft 3",95,Private room,46 reviews,"Clinton Hill, Brooklyn"
Private Room and Private Bathroom,70,Private room,21 reviews,"Prospect Heights, Brooklyn"
"Big, Sunny, Modern Apartment w/VIEW",199,Entire home/apt,36 reviews,"Williamsburg, Brooklyn"
Spacious room in shared brownstone,80,Private room,11 reviews,"Bedford-Stuyvesant, Brooklyn"
Private Room in South Williamsburg for an Amazing NYC Experience!,104,Private room,34 reviews,"Williamsburg, Brooklyn"
Sunny private room in artists loft,83,Private room,21 reviews,"Bedford-Stuyvesant, Brooklyn"
Williamsburg/Greenpoint Parkside,245,Entire home/apt,10 reviews,"Greenpoint, Brooklyn"
Beautiful Room 1,79,Private room,7 reviews,"Bedford-Stuyvesant, Brooklyn"
Private room in Fort Greene Bklyn,85,Private room,17 reviews,"Fort Greene, Brooklyn"
Cozy one bedroom on Bedford Ave,124,Entire home/apt,11 reviews,"Williamsburg, Brooklyn"
Cozy Room in Full Apartment,70,Private room,1 review,"Crown Heights, Brooklyn"
HIP + MODERN APT IN WILLIAMSBURG!,150,Entire home/apt,22 reviews,"Williamsburg, Brooklyn"
Park Slope/Prospect Hghts 2 bedroom,149,Entire home/apt,59 reviews,"Prospect Heights, Brooklyn"
Luxury Modern Loft,210,Entire home/apt,7 reviews,"Williamsburg, Brooklyn"
"HISTORIC WILLIAMSBURG, BKLYN",195,Entire home/apt,29 reviews,"Williamsburg, Brooklyn"
1BD in Modern Deco Williamsburg,85,Private room,5 reviews,"Williamsburg, Brooklyn"
"Sunny Rm, bike, Prospect Park!",40,Private room,37 reviews,"Lefferts Garden, Brooklyn"
Brooklyn - Boerum Hill Beauty,200,Entire home/apt,5 reviews,"Boerum Hill, Brooklyn"
Brand New Apartment in Brooklyn!!,85,Private room,7 reviews,"Sunset Park, Brooklyn"
"Williamsburg Studio, Shared Kitchen",150,Entire home/apt,30 reviews,"Williamsburg, Brooklyn"
beautiful brownstone,125,Entire home/apt,24 reviews,"Bedford-Stuyvesant, Brooklyn"
Quiet Studio in Limestone Townhouse,185,Entire home/apt,13 reviews,"Park Slope, Brooklyn"
"Fab, Spacious Room near Barclay's",65,Private room,46 reviews,"Boerum Hill, Brooklyn"
Bright Peaceful 1 bedroom 2 bath,175,Entire home/apt,1 review,"Park Slope, Brooklyn"
Cheap Budget Private Room #2,39,Private room,4 reviews,"Bushwick, Brooklyn"
Relaxing Room in Hip Neighborhood,69,Private room,2 reviews,"Williamsburg, Brooklyn"
"Bright, Large room with Queen Bed",95,Private room,1 review,"Williamsburg, Brooklyn"
Settle in to this Private Room,60,Private room,5 reviews,"Bedford-Stuyvesant, Brooklyn"
COMFY ROOM #1 ~ AMAZING LOCATION!,119,Private room,55 reviews,"Williamsburg, Brooklyn"
Large Cozy & Private! BRKLN HEIGHTS,100,Private room,18 reviews,"Brooklyn Heights, Brooklyn"
Strawberry B&B,70,Private room,24 reviews,"Bushwick, Brooklyn"
Converted Brooklyn Loft w/ Deck,58,Private room,O reviews,"Bedford-Stuyvesant, Brooklyn"
Bedroom in the heart of Brooklyn,55,Private room,5 reviews,"Crown Heights, Brooklyn"
"The Artsy, Cozy, Bushwick Railroad",145,Entire home/apt,17 reviews,"Bushwick, Brooklyn"
Big studio rm in heart of Brooklyn,75,Private room,3 reviews,"Williamsburg, Brooklyn"
Quaint Studio Apt. $1200 monthly,50,Entire home/apt,2 reviews,"Bay Ridge, Brooklyn"
Room in beautiful apartment!,75,Private room,10 reviews,"Clinton Hill, Brooklyn"
Hancock House cozy Garden Level,99,Entire home/apt,5 reviews,"Bedford-Stuyvesant, Brooklyn"
Historic Brownstone Parlor & Garden,85,Private room,5 reviews,"Bedford-Stuyvesant, Brooklyn"
E Williamsburg Artist Retreat;Beige,65,Private room,49 reviews,"Williamsburg, Brooklyn"
Large Williamsburg Loft Apartment,200,Entire home/apt,32 reviews,"Williamsburg, Brooklyn"
Gorgeous 2 Bath Apt Near Subway,155,Entire home/apt,3 reviews,"Greenpoint, Brooklyn"
"Luxury Modern Bedroom Brooklyn, NYC",49,Private room,6 reviews,"Crown Heights, Brooklyn"
Cute ethnic cosy private studio!,140,Entire home/apt,2 reviews,"Clinton Hill, Brooklyn"
Cute Williamsburg Room w/ LOFT BED,79,Private room,19 reviews,"Williamsburg, Brooklyn"
"Cozy, Cute and Convenient Nook!",65,Private room,45 reviews,"Boerum Hill, Brooklyn"
Peaceful Sanctuary in Trendy Hood,120,Entire home/apt,12 reviews,"Crown Heights, Brooklyn"
Cozy Studio on Beautiful Block,100,Entire home/apt,6 reviews,"Prospect Heights, Brooklyn"
Garden Apartment in Townhouse,145,Entire home/apt,8 reviews,"Clinton Hill, Brooklyn"
Spacious Room in NYC Loft,85,Private room,44 reviews,"Williamsburg, Brooklyn"
Comfy and Smart on Prospect Park,50,Private room,O reviews,"Lefferts Garden, Brooklyn"
"Quaint, beautiful studio Brooklyn",150,Entire home/apt,35 reviews,"Boerum Hill, Brooklyn"
Sunny Room in Bushwick,125,Private room,16 reviews,"Williamsburg, Brooklyn"
THE PRESIDENT'S SUITE,90,Private room,8 reviews,"Williamsburg, Brooklyn"
Ideal Brooklyn Brownstone Apartment,165,Entire home/apt,62 reviews,"Bedford-Stuyvesant, Brooklyn"
Modern & sunny 1bd in Downtown BK,200,Entire home/apt,2 reviews,"Downtown Brooklyn, Brooklyn"
Brand new 1BR apartment in Bushwick,89,Entire home/apt,2 reviews,"Bushwick, Brooklyn"
Apt with pilates studio in Wllmsbrg,80,Private room,107 reviews,"Williamsburg, Brooklyn"
"The Purple Room, funky & functional",40,Private room,11 reviews,"Bushwick, Brooklyn"
Warm Apt 1 stop away from Manhattan,85,Private room,8 reviews,"Williamsburg, Brooklyn"
"HUGE, SUNNY ROOM, BLOCK 4RM TRAIN!",130,Private room,3 reviews,"Williamsburg, Brooklyn"
Fort Greene Brooklyn Studio Apt,140,Entire home/apt,2 reviews,"Fort Greene, Brooklyn"
"Large, Sunny Room in Artsy Brooklyn",65,Private room,23 reviews,"Bushwick, Brooklyn"
"LARGE PRIVATE FLOOR IN BROOKLYN, NY",90,Entire home/apt,79 reviews,"Bedford-Stuyvesant, Brooklyn"
"Modern, Sunlit Brooklyn Flat",185,Entire home/apt,12 reviews,"Bedford-Stuyvesant, Brooklyn"
NYC getaway in Park Slope Brooklyn!,85,Private room,26 reviews,"Park Slope, Brooklyn"
Spacious Comfy Bedroom in Bed-Stuy,50,Private room,10 reviews,"Bedford-Stuyvesant, Brooklyn"
Sunny Elegant and Big Room!,80,Private room,4 reviews,"Bedford-Stuyvesant, Brooklyn"
Quiet Nest in Prospect Heights,95,Entire home/apt,2 reviews,"Crown Heights, Brooklyn"
Prime Williamsburg 1 bd apartment,200,Entire home/apt,4 reviews,"Greenpoint, Brooklyn"
Nice Bedroom in Williamsburg Loft,95,Private room,7 reviews,"Williamsburg, Brooklyn"
Lovely 2BR in Brooklyn's Best Area,150,Entire home/apt,5 reviews,"Park Slope, Brooklyn"
"Big sunny room, prime location!",89,Private room,13 reviews,"Williamsburg, Brooklyn"
Great Large 1 Bedroom Apartment,97,Entire home/apt,12 reviews,"Crown Heights, Brooklyn"
The Vernon On Greene,179,Entire home/apt,101 reviews,"Bedford-Stuyvesant, Brooklyn"
Studio in Brownstone - Brooklyn 3F,110,Entire home/apt,43 reviews,"Clinton Hill, Brooklyn"
Bright Cozy Room in Brooklyn,70,Private room,4 reviews,"Crown Heights, Brooklyn"
Glowing Respite in Park Slope,80,Private room,15 reviews,"Park Slope, Brooklyn"
Carroll Gardens Guest Apartment,275,Entire home/apt,1 review,"Carroll Gardens, Brooklyn"
Private Room in Williamsburg Loft M,99,Private room,8 reviews,"Williamsburg, Brooklyn"
Central Williamsburg Fab Large Room,70,Private room,5 reviews,"Williamsburg, Brooklyn"
HUGE ROOM NEAR PROSPECT PARK,39,Private room,17 reviews,"Lefferts Garden, Brooklyn"
Bed & Bath in Park Slope Mansion,115,Private room,9 reviews,"Park Slope, Brooklyn"
Fabulous Bklyn private bedbathsuite,99,Private room,208 reviews,"Clinton Hill, Brooklyn"
The Garden APT in Williamsburg NYC,180,Entire home/apt,21 reviews,"Williamsburg, Brooklyn"
COZY 1 BR GARDEN APT,110,Entire home/apt,56 reviews,"Bedford-Stuyvesant, Brooklyn"
"Beautiful, Bright Studio-Park Slope",130,Entire home/apt,9 reviews,"Park Slope, Brooklyn"
New 1BR + 1BA with Private Entrance,89,Private room,20 reviews,"Bedford-Stuyvesant, Brooklyn"
PRIVATE SUITE in Williamsburg BK,77,Private room,2 reviews,"Williamsburg, Brooklyn"
"Sunny, Large & Lovely in Greenpoint",300,Entire home/apt,25 reviews,"Greenpoint, Brooklyn"
Artists Space Apartment,99,Shared room,31 reviews,"Bedford-Stuyvesant, Brooklyn"
1 Bedroom with Manhattan Views,140,Entire home/apt,15 reviews,"Downtown Brooklyn, Brooklyn"
Stunning 1500 Sq Ft Designer Loft,225,Entire home/apt,34 reviews,"Williamsburg, Brooklyn"
Spacious Comfy Bedroom in Bed-Stuy,50,Private room,10 reviews,"Bedford-Stuyvesant, Brooklyn"
Large and sunny bedroom in Brooklyn,65,Private room,28 reviews,"Crown Heights, Brooklyn"
"Spacious 2 br, Heart of Greenpoint",185,Entire home/apt,12 reviews,"Greenpoint, Brooklyn"
"Your Haven Awaits At ""Emma's Place""",135,Entire home/apt,28 reviews,"Bedford-Stuyvesant, Brooklyn"
Private Bed & Bath 1 Block to Train,85,Private room,11 reviews,"Bedford-Stuyvesant, Brooklyn"
Heart of Wberg Private Room 1A,80,Private room,23 reviews,"Williamsburg, Brooklyn"
Organic Modern Williamsburg loft,300,Entire home/apt,2 reviews,"Williamsburg, Brooklyn"
"Sunny, Large & Lovely in Greenpoint",300,Entire home/apt,25 reviews,"Greenpoint, Brooklyn"
4 bedroom apartment,349,Entire home/apt,60 reviews,"Prospect Heights, Brooklyn"
Spacious & Sunny in Prime Brooklyn,150,Entire home/apt,25 reviews,"Clinton Hill, Brooklyn"
HUGE room/ Williamsburg Waterfront!,90,Private room,54 reviews,"Williamsburg, Brooklyn"
D Bright Luxury Room in Wberg Loft,100,Private room,19 reviews,"Williamsburg, Brooklyn"
Large Room in Williamsburg,50,Private room,O reviews,"Williamsburg, Brooklyn"
Private Suite for Cheap,75,Private room,7 reviews,"Crown Heights, Brooklyn"
Cozy Room In Brooklyn!!!,70,Private room,11 reviews,"Lefferts Garden, Brooklyn"
Brooklyn Artist Loft,64,Private room,12 reviews,"Williamsburg, Brooklyn"
Sunny One Bedroom In Williamsburg.,160,Entire home/apt,3 reviews,"Williamsburg, Brooklyn"
Williamsburg penthouse w/ balcony,100,Private room,2 reviews,"Williamsburg, Brooklyn"
"Location, Location, Posh Pad!",90,Private room,2 reviews,"Brooklyn Heights, brooklyn"
"Quaint Studio, Fort Green, Brooklyn",150,Entire home/apt,O reviews,"Fort Greene, Brooklyn"
Beautiful Fresh Studio for Sublet,140,Entire home/apt,34 reviews,"Clinton Hill, Brooklyn"
Modern 2 Bedroom in Park Slope,250,Entire home/apt,1 review,"Boerum Hill, Brooklyn"
Williamsburg apartment with terrace,175,Entire home/apt,71 reviews,"Williamsburg, Brooklyn"
Calm and Quiet in Modern Studio,90,Entire home/apt,3 reviews,"Greenpoint, Brooklyn"
Cozy Bedroom in Williamsburg 2 BR,80,Private room,70 reviews,"Williamsburg, Brooklyn"
BayRidge near subway & express bus,40,Private room,38 reviews,"Bay Ridge, Brooklyn"
"Spacious, Spotless 1Bd- BK Heights!",150,Entire home/apt,89 reviews,"Brooklyn Heights, Brooklyn"
"BIG, COMFY, WILL-B DPLX GARDEN APT",289,Entire home/apt,9 reviews,"Williamsburg, Brooklyn"
"Modern, spacious 2bed & 2 bath",345,Entire home/apt,4 reviews,"Williamsburg, Brooklyn"
THIS IS YOUR BEST BROOKLYN HOME,65,Private room,O reviews,"Bay Ridge, Brooklyn"
Comfortable one bedroom with patio,150,Entire home/apt,2 reviews,"Fort Greene, Brooklyn"
The newest building in Williamsburg,163,Private room,26 reviews,"Williamsburg, Brooklyn"
Large 2 BR apt in quiet brownstone,130,Entire home/apt,43 reviews,"Bedford-Stuyvesant, Brooklyn"
"Large, peaceful Brooklyn apartment",85,Private room,12 reviews,"Park Slope, Brooklyn"
"Cozy, Bright Bushwick Room off L&M",53,Private room,4 reviews,"Bushwick, Brooklyn"
"Cozy & Airy 1 bdrm apt, Ft. Greene",150,Entire home/apt,10 reviews,"Fort Greene, Brooklyn"
Charming room near Park & Museum!,48,Private room,4 reviews,"Prospect Heights, Brooklyn"
New studio APT with marble floors!,68,Entire home/apt,52 reviews,"Bushwick, Brooklyn"
Ample 1BD apt. in hip Bushwick,125,Entire home/apt,17 reviews,"Bushwick, Brooklyn"
Comfortable 1 Bedroom in Greenpoint,150,Entire home/apt,27 reviews,"Greenpoint, Brooklyn"
Bright Room in Prime Williasmburg,85,Private room,9 reviews,"Williamsburg, Brooklyn"
Beautiful Grdn. Apt. in Park Slope,135,Entire home/apt,51 reviews,"Park Slope, Brooklyn"
Cozy private room in Clinton Hill,28,Private room,4 reviews,"Clinton Hill, Brooklyn"
Stunning Greenpoint Penthouse,100,Private room,14 reviews,"Greenpoint, Brooklyn"
Charming room in Victorian home,79,Private room,50 reviews,"Bedford-Stuyvesant, Brooklyn"
Spacious Luxury Studio in Brooklyn,119,Entire home/apt,22 reviews,"Downtown Brooklyn, Brooklyn"
Beautiful modern Brooklyn apt,180,Entire home/apt,13 reviews,"Boerum Hill, Brooklyn"
Charming 3bdrm Loft~Bed & Bagel!,195,Entire home/apt,34 reviews,"Bushwick, Brooklyn"
SUNNY ROOM A- 15 MINUTES >MANHATTAN,78,Private room,7 reviews,"Bushwick, Brooklyn"
Beautiful room attached to bathroom,85,Private room,33 reviews,"Greenpoint, Brooklyn"
Modern Loft Apartment Williamsburg,175,Entire home/apt,14 reviews,"Williamsburg, Brooklyn"
BROOKLYN VICTORIAN STYLE SUITE.....,100,Private room,100 reviews,"Fort Greene, Brooklyn"
Williamsburg Penthouse Hideaway,65,Private room,40 reviews,"Williamsburg, Brooklyn"
Giant Bedroom - Steps from Subway,94,Private room,2 reviews,"Carroll Gardens, Brooklyn"
Bedroom//Hip Neighborhood//Backyard,40,Private room,64 reviews,"Bushwick, Brooklyn"
Lovely Room - Lorimer L Train,90,Private room,13 reviews,"Williamsburg, Brooklyn"
Charming and Cozy 1 Bedroom,145,Entire home/apt,6 reviews,"Carroll Gardens, Brooklyn"
Loft in S. williamsburg Brooklyn  2,80,Private room,13 reviews,"Bedford-Stuyvesant, Brooklyn"
Prospect Heights Views & Vanderbilt,195,Entire home/apt,13 reviews,"Prospect Heights, Brooklyn"
Home Sweet Home 2!!!!,80,Private room,33 reviews,"Williamsburg, Brooklyn"
Charming Bright 2BR apt- sleeps 6,189,Entire home/apt,43 reviews,"DUMBO, Brooklyn"
Welcome to a Glasshouse experience!,99,Private room,31 reviews,"Williamsburg, Brooklyn"
Spacious room in cozy Boerum Hill,90,Private room,73 reviews,"Boerum Hill, Brooklyn"
Big and beautiful private bedroom,80,Private room,4 reviews,"Bedford-Stuyvesant, brooklyn"
Stunning Greenpoint Penthouse,100,Private room,14 reviews,"Greenpoint, Brooklyn"
Spacious One bedroom near the Park,100,Entire home/apt,10 reviews,"Lefferts Garden, Brooklyn"
Brick wall room w/breakfast,60,Private room,8 reviews,"Bedford-Stuyvesant, Brooklyn"
Huge bedroom! One block from subway,36,Private room,32 reviews,"Midwood, Brooklyn"
Park Slope-Private Room/Bath/Entry,115,Private room,88 reviews,"Park Slope, Brooklyn"
Cozy Room in Charming Brownstone,55,Private room,16 reviews,"Sunset Park, Brooklyn"
*PRIME LOCATION* STEPS TO L TRAIN,85,Private room,15 reviews,"Williamsburg, Brooklyn"
Large Room in Beautiful Apartment,87,Private room,24 reviews,"Greenpoint, Brooklyn"
Great house in Williamsburg,250,Entire home/apt,9 reviews,"Williamsburg, Brooklyn"
COMFY ROOM #3 ~ AMAZING LOCATION!,109,Private room,59 reviews,"Williamsburg, Brooklyn"
YOGA 2,27,Shared room,4 reviews,"Bushwick, Brooklyn"
Cozy room in a Spacious Duplex,55,Private room,6 reviews,"Bushwick, Brooklyn"
Private BR in amazing neighborhood,105,Private room,1 review,"Carroll Gardens, Brooklyn"
Northside Williamsburg Brooklyn,77,Private room,O reviews,"Williamsburg, Brooklyn"
Minimalist loft in Williamsburg,189,Entire home/apt,24 reviews,"Williamsburg, Brooklyn"
Brooklyn Style - With a Balcony!!!,45,Private room,O reviews,"Bedford-Stuyvesant, Brooklyn"
Great Studio in Fort Greene,150,Entire home/apt,11 reviews,"Fort Greene, Brooklyn"
Beautiful new loft in greenpoint,130,Entire home/apt,15 reviews,"Greenpoint, Brooklyn"
Palace in the Sky,295,Entire home/apt,15 reviews,"Williamsburg, Brooklyn"
Columbia Waterfront District,145,Entire home/apt,47 reviews,"Columbia Street Waterfront, Brooklyn"
Sunny Loft in Brooklyn by River,225,Entire home/apt,3 reviews,"Williamsburg, Brooklyn"
BKLYN Brownstone- Premiere Studio!,140,Entire home/apt,66 reviews,"Bedford-Stuyvesant, Brooklyn"
Luxury Fort Greene Brooklyn Apt,149,Private room,1 review,"Fort Greene, Brooklyn"
Two Spacious room's in Brooklyn!!,150,Private room,6 reviews,"Crown Heights, Brooklyn"
Artsy Room in Bed-Stuy w/ Rooftop,55,Private room,49 reviews,"Bedford-Stuyvesant, Brooklyn"
1br private roofdeck with views!,170,Entire home/apt,10 reviews,"Park Slope, Brooklyn"
Room On Bedford/ Heart Williamsburg,99,Private room,13 reviews,"Williamsburg, Brooklyn"
"Sunny 1BD, Graham Ave, Williamsburg",77,Private room,5 reviews,"Williamsburg, Brooklyn"
HUGE Loft! Comfy! Light! Plants!,61,Private room,40 reviews,"Bushwick, Brooklyn"
Sunny quiet private 3rd floor room,39,Private room,16 reviews,"Crown Heights, Brooklyn"
Classic Artists Loft Best Block,185,Entire home/apt,12 reviews,"Williamsburg, Brooklyn"
Modern/Rustic Studio Apt.,195,Entire home/apt,10 reviews,"Williamsburg, Brooklyn"
"Cozy room, great view of Manhattan",89,Private room,33 reviews,"Brooklyn Navy Yard, Brooklyn"
BEST LOCATION and BEAUTIFUL ROOM,100,Private room,20 reviews,"Williamsburg, Brooklyn"
Vegetarian Artists Zen Happy Co-Op,75,Private room,O reviews,"Williamsburg, Brooklyn"
"Dream Come True! Williamsburg, BK",109,Private room,85 reviews,"Williamsburg, Brooklyn"
Haven on Bedford Avenue,93,Private room,10 reviews,"Williamsburg, Brooklyn"
Nice studio apartment in Brooklyn!,70,Entire home/apt,7 reviews,"Crown Heights, Brooklyn"
Charming 3bdrm Loft~Bed & Bagel!,195,Entire home/apt,34 reviews,"Bushwick, Brooklyn"
Comforts in Bushwick Brooklyn,70,Private room,45 reviews,"Bushwick, Brooklyn"
Sunny Brand New Park Slope Studio,125,Entire home/apt,16 reviews,"Park Slope, Brooklyn"
Beautiful Williamsburg APT w/ VIEW!,199,Entire home/apt,5 reviews,"Williamsburg, Brooklyn"
Cozy 2 Bedroom Bushwick Retreat,145,Entire home/apt,13 reviews,"Bushwick, Brooklyn"
Nov. 26- Dec 1 in Greenpoint,125,Entire home/apt,3 reviews,"Greenpoint, Brooklyn"
Designer loft in hip Williamsburg,170,Entire home/apt,16 reviews,"Williamsburg, Brooklyn"
Cozy Rm in Loft! Steps to L Train!,60,Private room,22 reviews,"Williamsburg, Brooklyn"
Industrial-Chic Brooklyn Flat,125,Entire home/apt,16 reviews,"Bedford-Stuyvesant, Brooklyn"
Beautiful Private Apt- Williamsburg,100,Private room,6 reviews,"Greenpoint, Brooklyn"
BUDGET ROOM ~ BEST LOCATION!! #2,89,Private room,70 reviews,"Williamsburg, Brooklyn"
Private 2 bedroom apt SLEEPS 4+,120,Entire home/apt,48 reviews,"Williamsburg, Brooklyn"
Room for rent in Williamsburg,50,Private room,1 review,"Williamsburg, Brooklyn"
Beautiful Williamsburg APT w/ VIEW!,199,Entire home/apt,5 reviews,"Williamsburg, Brooklyn"
"The heart of Williamsburg, Brooklyn",125,Private room,5 reviews,"Williamsburg, Brooklyn"
Brownstone 1 BD apt & private bath,100,Entire home/apt,9 reviews,"Bedford-Stuyvesant, Brooklyn"
PRIVATE BATHROOM - Im never home,49,Private room,26 reviews,"Bedford-Stuyvesant, Brooklyn"
Brooklyn 1 BR near subway,75,Entire home/apt,10 reviews,"Crown Heights, Brooklyn"
Sweet Lil Williamsburg One Bedroom,134,Entire home/apt,46 reviews,"Williamsburg, Brooklyn"
Treehouse Nook in Bushwick Home,80,Private room,10 reviews,"Bushwick, Brooklyn"
Bi-level Loft with a Private Garden,198,Entire home/apt,6 reviews,"Williamsburg, Brooklyn"
COMFORT AND CONVENIENCE IN THE CITY,65,Private room,29 reviews,"Bedford-Stuyvesant, Brooklyn"
HUGE ROOM 1 - 15 MINUTES >MANHATTAN,78,Private room,17 reviews,"Bushwick, Brooklyn"
Nov. 26- Dec 1 in Greenpoint,125,Entire home/apt,3 reviews,"Greenpoint, Brooklyn"
Calm & Sunny Apt in Carroll Gardens,165,Entire home/apt,16 reviews,"Carroll Gardens, Brooklyn"
"Cobble Hill, Brooklyn, townhouse BR",150,Private room,2 reviews,"Cobble Hill, Brooklyn"
SUNNY MODERN LOFT 2 ON BEDFORD AVE!,100,Private room,20 reviews,"Williamsburg, Brooklyn"
SUNNY & ARTSY E. WILLIAMSBURG APT!,99,Entire home/apt,O reviews,"Williamsburg, Brooklyn"
Private Room 3- Amazing Wberg Flat,75,Private room,19 reviews,"Williamsburg, Brooklyn"
"Airy room, nice yard w/hammock",45,Private room,9 reviews,"Windsor Terrace, Brooklyn"
Super Cozy 1 BHK fully loaded Apt,150,Entire home/apt,2 reviews,"Bedford-Stuyvesant, Brooklyn"
BEAUTIFUL STUDIO IN BOERUM HILL #8,175,Entire home/apt,21 reviews,"Boerum Hill, Brooklyn"
Vegetarian Artists Zen Happy Co-Op,75,Private room,O reviews,"Williamsburg, Brooklyn"
Huge Room Prospect Park Brooklyn!,60,Private room,1 review,"Lefferts Garden, Brooklyn"
Urban Jungle in Bedford Stuyvesant,110,Entire home/apt,43 reviews,"Bushwick, Brooklyn"
In the heart of brownstone Brooklyn,85,Private room,2 reviews,"Clinton Hill, Brooklyn"
Clean Private Room (in Brooklyn),62,Private room,75 reviews,"Greenpoint, Brooklyn"
New 3 BR Groups and Familes Welcome,139,Entire home/apt,51 reviews,"Lefferts Garden, Brooklyn"
Urban oasis! 2 bedrooms w/ 3 patios,165,Entire home/apt,14 reviews,"Williamsburg, Brooklyn"
Spacious E Williamsburg Artist Loft,200,Entire home/apt,20 reviews,"Williamsburg, Brooklyn"
3 Bedroom on Bedford w/ Huge Patio,274,Entire home/apt,10 reviews,"Williamsburg, Brooklyn"
Family Friendly 5 Stars - 20% Off,159,Entire home/apt,139 reviews,"Park Slope, Brooklyn"
Private room in beautiful loft,68,Private room,38 reviews,"Clinton Hill, Brooklyn"
2BR Apt in Park Slope,124,Entire home/apt,O reviews,"Park Slope, Brooklyn"
Room for a girl in Park Slope,45,Private room,15 reviews,"Park Slope, Brooklyn"
Your Prospect Heights Garden Oasis!,169,Entire home/apt,32 reviews,"Prospect Heights, Brooklyn"
Williamsburg spacious Duplex & yard,229,Entire home/apt,43 reviews,"Greenpoint, Brooklyn"
Charming Private Bdrm (A STEAL!),65,Private room,27 reviews,"Park Slope, Brooklyn"
Rooftop Garden Condo-DwntwnBK/DUMBO,150,Entire home/apt,11 reviews,"Fort Greene, Brooklyn"
NYC artists’ loft with roof deck,50,Private room,55 reviews,"Greenpoint, Brooklyn"
"Brooklyn, Large Loft-Like Apartment",149,Entire home/apt,26 reviews,"Windsor Terrace, Brooklyn"
"Room & Breakfast, Steps to L Train",65,Private room,114 reviews,"Bushwick, Brooklyn"
Private bedroom/bathroom/balcony,75,Private room,10 reviews,"Crown Heights, Brooklyn"
Charming 1br Apt In Williamsburg!!,170,Entire home/apt,23 reviews,"Williamsburg, Brooklyn"
Classic Williamsburg loft bedroom,50,Private room,4 reviews,"Williamsburg, Brooklyn"
Brooklyn Boheme,75,Private room,7 reviews,"Bedford-Stuyvesant, Brooklyn"
Sunny 1 or 2 BR apt in Boerum Hill,179,Entire home/apt,68 reviews,"Boerum Hill, Brooklyn"
Seven Days Sleep Near Prospect Park,100,Entire home/apt,24 reviews,"Lefferts Garden, Brooklyn"
Cozy & Convenient Brooklyn Apt.,195,Entire home/apt,9 reviews,"Fort Greene, Brooklyn"
Sunny Room in the Heart of it All!,95,Private room,41 reviews,"Williamsburg, Brooklyn"
Cozy Room with Private Backyard,70,Private room,O reviews,"Crown Heights, Brooklyn"
BIG ROOM 2- 15 MINUTES TO MANHATTAN,75,Private room,17 reviews,"Bushwick, Brooklyn"
BnoB (2 br) — Heart of Williamsburg,250,Entire home/apt,108 reviews,"Williamsburg, Brooklyn"
Hancock House cozy Garden Level,99,Entire home/apt,5 reviews,"Bedford-Stuyvesant, Brooklyn"
Chic Victorian Garden Studio Apt.,159,Entire home/apt,92 reviews,"Clinton Hill, Brooklyn"
Beautiful room attached to bathroom,85,Private room,33 reviews,"Greenpoint, Brooklyn"
Own Bedroom in Private Apartment,65,Private room,16 reviews,"Crown Heights, Brooklyn"
Brooklyn 3BR Near Transportation,120,Entire home/apt,14 reviews,"Crown Heights, Brooklyn"
Garden Apt in Brownstone Brooklyn!,150,Entire home/apt,19 reviews,"Cobble Hill, Brooklyn"
HUGE SUNNY ROOM 1 PRIME WILLYBURG!!,100,Private room,12 reviews,"Williamsburg, Brooklyn"
Quintessential W'burg Apartment,100,Private room,32 reviews,"Williamsburg, Brooklyn"
Historic Carroll Gardens 3 Bedroom,399,Entire home/apt,50 reviews,"Carroll Gardens, Brooklyn"
Romantic Brooklyn Garden Apt,175,Entire home/apt,17 reviews,"Fort Greene, Brooklyn"
A Quaint Retreat !Live Like a Local,110,Entire home/apt,59 reviews,"Bedford-Stuyvesant, Brooklyn"
Cozy Park Slope Apartment w/ View,119,Entire home/apt,4 reviews,"Park Slope, Brooklyn"
Peaceful Room in Heart of Ft Greene,80,Private room,3 reviews,"Fort Greene, Brooklyn"
Williamsburg house | near Lorimer L,100,Private room,26 reviews,"Williamsburg, Brooklyn"
Private rm in cozy WILLIAMSBURG apt,109,Private room,18 reviews,"Williamsburg, Brooklyn"
Room in Lux Williamsburg Penthouse,125,Private room,16 reviews,"Williamsburg, Brooklyn"
"Stay in Bushwick, Brooklyn!",54,Private room,11 reviews,"Bushwick, Brooklyn"
"Quiet Space, Hip Place",60,Private room,9 reviews,"Williamsburg, Brooklyn"
Studio in Downtown Brooklyn,140,Entire home/apt,16 reviews,"Downtown Brooklyn, Brooklyn"
Top Floor 2bd Luxury Brownstone Apt,215,Entire home/apt,69 reviews,"Fort Greene, Brooklyn"
Large Bedroom with Washer/dryer,70,Private room,2 reviews,"Flatbush, Brooklyn"
spacious comfortable quiet duplex,130,Entire home/apt,7 reviews,"Park Slope, Brooklyn"
"Large, Luxury Triplex in Brownstone",425,Entire home/apt,14 reviews,"Clinton Hill, Brooklyn"
Eclectic Sunny Room in Williamsburg,80,Private room,6 reviews,"Williamsburg, Brooklyn"
"Beautiful 3BR 2BA Condo, sleeps 6",220,Entire home/apt,28 reviews,"Bushwick, Brooklyn"
"Easy going, clean and close to city",65,Private room,23 reviews,"Bedford-Stuyvesant, Brooklyn"
Park Slope 4b Next To Prospect Park,400,Entire home/apt,12 reviews,"Park Slope, Brooklyn"
Private Room in WBerg Flat 4C,90,Private room,17 reviews,"Williamsburg, Brooklyn"
Trendiest building in Brooklyn!,80,Private room,22 reviews,"Bushwick, Brooklyn"
"BEAUTIFUL APARTMENT, GREAT LOCATION",250,Entire home/apt,5 reviews,"Boerum Hill, Brooklyn"
1BR Charming Plant-Filled in Wburg,200,Entire home/apt,6 reviews,"Williamsburg, Brooklyn"
Huge Room in Williamsburg Brooklyn,55,Private room,3 reviews,"Williamsburg, Brooklyn"
Big Cute Room w/Pvt Entry in Duplex,90,Private room,72 reviews,"Bedford-Stuyvesant, Brooklyn"
Beautiful Bedstuy Garden Apartment,109,Entire home/apt,8 reviews,"Bedford-Stuyvesant, Brooklyn"
THE PRESIDENT'S SUITE,90,Private room,8 reviews,"Williamsburg, Brooklyn"
Sunny 1 Bedroom Apartment/Loft,150,Entire home/apt,12 reviews,"Williamsburg, Brooklyn"
Perfect Open-plan in Clinton Hill,158,Entire home/apt,16 reviews,"Clinton Hill, Brooklyn"
Modern bright 1 BR in Williamsburg,220,Entire home/apt,5 reviews,"Williamsburg, Brooklyn"
Williamsburg Lodge,90,Private room,4 reviews,"Williamsburg, Brooklyn"
Queen Bed with Private Bathroom,69,Private room,5 reviews,"Fort Greene, Brooklyn"
WONDERFUL DUPLEX PENTHOUSE,200,Entire home/apt,O reviews,"Williamsburg, Brooklyn"
B -Luxury Private Room w/Courtyard,120,Private room,15 reviews,"Williamsburg, Brooklyn"
newly renovated loft 1 stop to city,100,Private room,9 reviews,"Williamsburg, Brooklyn"
Park Slope/Prospect Hghts 2 bedroom,149,Entire home/apt,59 reviews,"Prospect Heights, Brooklyn"
Beautiful room off Bedford ave.,69,Private room,47 reviews,"Williamsburg, Brooklyn"
Peaceful new 2 bed in South Wsbg!,200,Entire home/apt,17 reviews,"Williamsburg, Brooklyn"
Room 4 subway stops from Manhattan,80,Private room,43 reviews,"Lefferts Garden, Brooklyn"
Charming Cheery Studio*Great Space*,95,Entire home/apt,10 reviews,"Prospect Heights, Brooklyn"
"Big, quiet room in charming apt",60,Private room,2 reviews,"Williamsburg, Brooklyn"
Cozy 1 Bedroom in Prime Location,100,Entire home/apt,39 reviews,"Clinton Hill, Brooklyn"
Elegantly Simple Bed-Stuy Flat,129,Entire home/apt,16 reviews,"Bedford-Stuyvesant, Brooklyn"
"1 Bd Apartment, Sunny,Happy by Park",65,Entire home/apt,7 reviews,"Midwood, Brooklyn"
Luxury Rental In Downtown Brooklyn,195,Entire home/apt,29 reviews,"Downtown Brooklyn, Brooklyn"
Stay in Bushwick Brooklyn,54,Private room,6 reviews,"Bushwick, Brooklyn"
"Private bathroom, private rooftop!!",129,Private room,2 reviews,"Williamsburg, Brooklyn"
BIG ROOM 1- 15 MINUTES TO MANHATTAN,75,Private room,12 reviews,"Bushwick, Brooklyn"
Bondtastic: Fabulous in Brooklyn.,120,Entire home/apt,12 reviews,"Gowanus, Brooklyn"
"Sunny BR, bike, Prospect Park!",40,Private room,50 reviews,"Flatbush, Brooklyn"
"Sunny Room In Williamsburg,Brooklyn",85,Private room,5 reviews,"Williamsburg, Brooklyn"
Entire 3BR Lux Apt 20min>Manhattan,99,Entire home/apt,6 reviews,"Bedford-Stuyvesant, Brooklyn"
Mod Bushwick Escape by the L Train,60,Private room,23 reviews,"Bushwick, Brooklyn"
Beds Bikes Breakfast (on The Park!),55,Private room,30 reviews,"Flatbush, Brooklyn"
Cozy Park Slope Apartment w/ View,119,Entire home/apt,4 reviews,"Park Slope, Brooklyn"
Roommate wanted in 2bed/2 bath Loft,130,Private room,12 reviews,"Williamsburg, Brooklyn"
Sunny 2BR in Brooklyn Townhouse,180,Entire home/apt,2 reviews,"Windsor Terrace, Brooklyn"
2 Bedrooms with Panoramic View,130,Entire home/apt,2 reviews,"Crown Heights, Brooklyn"
"Huge Sunny Private Bedroom, 1st FL",75,Private room,6 reviews,Brooklyn
Large Sunny Rm-6th Fl View/Elevator,75,Private room,30 reviews,"Kensington, Brooklyn"
NEW MODERN LOFT 3 ON BEDFORD AVE!!!,100,Private room,30 reviews,"Williamsburg, Brooklyn"
"Best Room in Sunset Park, Brooklyn.",55,Private room,5 reviews,"Sunset Park, Brooklyn"
Bushwick Room with great back yard,60,Private room,2 reviews,"Bushwick, Brooklyn"
Big studio rm in heart of Brooklyn,75,Private room,3 reviews,"Williamsburg, Brooklyn"
Boerum Hill Brownstone w/Garden,70,Private room,1 review,"Boerum Hill, Brooklyn"
Stylish Flat with Stunning Rooftop,249,Entire home/apt,7 reviews,"Williamsburg, Brooklyn"
Williamsburg VacationRoomRental !!!,69,Private room,24 reviews,"Williamsburg, Brooklyn"
"lovely, spacious wmsbrg apt w deck",250,Entire home/apt,13 reviews,"Williamsburg, Brooklyn"
Cozy Nook in Heart of Williamsburg,59,Private room,58 reviews,"Williamsburg, Brooklyn"
Private Room in Williamsburg Loft,90,Private room,8 reviews,"Williamsburg, Brooklyn"
Heart of Wberg Private Room 1A,80,Private room,23 reviews,"Williamsburg, Brooklyn"
Brand new condo near Prospect Park,89,Private room,O reviews,"Lefferts Garden, Brooklyn"
"NYC, Modern & Comfortable. THE ONE",199,Entire home/apt,52 reviews,"Williamsburg, Brooklyn"
The Perfect NYC Lofted Studio Apt,150,Entire home/apt,22 reviews,"Brooklyn Heights, Brooklyn"
Large Williamsburg Loft Apartment,200,Entire home/apt,32 reviews,"Williamsburg, Brooklyn"
"Creative Hub! Private, Unique, Fun!",55,Private room,16 reviews,"Bushwick, Brooklyn"
Charming Carriage House Suite,153,Entire home/apt,170 reviews,"Williamsburg, Brooklyn"
Huge duplex in chic area of BK,400,Entire home/apt,17 reviews,"Crown Heights, Brooklyn"
Modern Living in Trendy Brooklyn,180,Entire home/apt,30 reviews,"Boerum Hill, Brooklyn"
Directly Across from Prospect Park!,59,Private room,59 reviews,Brooklyn
Private couples & family paradise,60,Entire home/apt,40 reviews,"East New York, Brooklyn"
Carroll Gardens Carriage House,90,Private room,27 reviews,"Gowanus, Brooklyn"
A Spacious Room in A Brooklyn House,75,Private room,10 reviews,"Lefferts Garden, Brooklyn"
Charming room near Park & Museum!,48,Private room,4 reviews,"Prospect Heights, Brooklyn"
Spacious 3 Bed in Carroll Gardens,249,Entire home/apt,9 reviews,"Carroll Gardens, Brooklyn"
Private Room in Williamsburg Loft,115,Private room,49 reviews,"Williamsburg, Brooklyn"
Modern 2 Bedroom in Park Slope,250,Entire home/apt,1 review,"Boerum Hill, Brooklyn"
"Great studio, Fort Greene, Brooklyn",135,Entire home/apt,8 reviews,"Fort Greene, Brooklyn"
Historic Park Slope Gem - 1br,175,Entire home/apt,20 reviews,"Park Slope, Brooklyn"
Renovated 1BD Near Promenade & Park,190,Entire home/apt,8 reviews,"Brooklyn Heights, Brooklyn"
Whimsy Williamsburg 1BR Apartment,150,Entire home/apt,20 reviews,"Williamsburg, Brooklyn"
Bright Star of Brooklyn,108,Private room,10 reviews,"Carroll Gardens, Brooklyn"
Cozy Haven in Bushwick Brooklyn,70,Private room,4 reviews,"Bushwick, Brooklyn"
Party/Event Loft 3000SQ FT BKLYN,1399,Entire home/apt,5 reviews,"Clinton Hill, Brooklyn"
Beautiful modern 2 bdrm apt W/loft,200,Entire home/apt,17 reviews,"Greenpoint, Brooklyn"
Loft Bedroom in Trendy Bushwick,65,Private room,6 reviews,"Bushwick, Brooklyn"
Welcome to the Valley!,125,Entire home/apt,22 reviews,"Bushwick, Brooklyn"
Brownstone Beauty on the Greene,99,Entire home/apt,39 reviews,"Bedford-Stuyvesant, Brooklyn"
Bedroom in Williamsburg Apartment,65,Private room,7 reviews,"Williamsburg, Brooklyn"
Incredible Views in Williamsburg,150,Entire home/apt,3 reviews,"Williamsburg, Brooklyn"
Cozy Haven in Ocean Hill/Bedstuy!,50,Private room,54 reviews,"Crown Heights, Brooklyn"
Beautiful room in Brooklyn,45,Private room,2 reviews,"Bay Ridge, Brooklyn"
Northside Williamsburg Loft,100,Private room,40 reviews,"Williamsburg, Brooklyn"
"Sky-lit 1BR Prospect Heights, Bklyn",129,Entire home/apt,2 reviews,"Prospect Heights, Brooklyn"
"Stunning new room WILLIAMSBURG, NY",119,Private room,4 reviews,"Williamsburg, Brooklyn"
Private Room in a two bedroom apt.,80,Private room,18 reviews,"Bushwick, Brooklyn"
Charming Brownstone Apt on the Park,125,Entire home/apt,4 reviews,"Park Slope, Brooklyn"
Brooklyn Penthouse w/ Skyline View,75,Private room,8 reviews,"Crown Heights, Brooklyn"
Room in beautiful apartment!,75,Private room,10 reviews,"Clinton Hill, Brooklyn"
Private Room in WBerg Flat 4A,90,Private room,14 reviews,"Williamsburg, Brooklyn"
BIG 2 Bed/2 Bath in Prime Brooklyn!,200,Entire home/apt,18 reviews,"Cobble Hill, Brooklyn"
Private Bed & Bath 1 Block to Train,85,Private room,11 reviews,"Bedford-Stuyvesant, Brooklyn"
Huge bedroom in Brooklyn loft!,55,Private room,O reviews,"Bushwick, Brooklyn"
BED & BATHROOM in BROOKLYN,100,Private room,22 reviews,"Bedford-Stuyvesant, Brooklyn"
"1st level of SHARED loft, near L",50,Shared room,10 reviews,"Williamsburg, Brooklyn"
Bedroom with Garden at the Back,70,Private room,107 reviews,"Clinton Hill, Brooklyn"
Private Room in Crown Heights!,75,Private room,2 reviews,"Crown Heights, Brooklyn"
Spacious Room in NYC Loft,85,Private room,44 reviews,"Williamsburg, Brooklyn"
Large Bedroom 15 Min From Manhattan,50,Private room,41 reviews,"Sunset Park, Brooklyn"
Greenpoint oasis in the sky,185,Entire home/apt,2 reviews,"Greenpoint, Brooklyn"
The Perfect Brooklyn Heights Apt,115,Entire home/apt,12 reviews,"Brooklyn Heights, Brooklyn"
Classic Park Slope brownstone,169,Private room,17 reviews,"Park Slope, Brooklyn"
Bright Room in Williamsburg,55,Private room,O reviews,"Williamsburg, Brooklyn"
"Cozy 1 bdrm Park Slope, Brooklyn,",100,Entire home/apt,3 reviews,"Park Slope, Brooklyn"
Large BDR in W'burg - Monthly Rate,100,Private room,2 reviews,"Greenpoint, Brooklyn"
Renovated Apt. w/ Private Patio/BBQ,100,Entire home/apt,72 reviews,"Crown Heights, Brooklyn"
"Bright, Large room with Queen Bed",95,Private room,1 review,"Williamsburg, Brooklyn"
"Private Entrance, Beautiful Garden",99,Entire home/apt,44 reviews,"Bedford-Stuyvesant, Brooklyn"
"1899 BK Mansion, 15min to Manhattan",65,Private room,5 reviews,"Bushwick, Brooklyn"
Private Room in South Williamsburg for an Amazing NYC Experience!,104,Private room,34 reviews,"Williamsburg, Brooklyn"
"Sunny Room, Only 1 Block to Subway!",47,Private room,43 reviews,"Bedford-Stuyvesant, Brooklyn"
Cheerful 1 bedroom in a great area,110,Entire home/apt,10 reviews,"Crown Heights, Brooklyn"
Fort Greene Brooklyn Studio Apt,140,Entire home/apt,2 reviews,"Fort Greene, Brooklyn"
LARGE WAREHOUSE LOFT w CITY Views7,75,Entire home/apt,60 reviews,"Bedford-Stuyvesant, Brooklyn"
Apartment of Musicians in Bed-Stuy,45,Private room,2 reviews,"Bedford-Stuyvesant, Brooklyn"
Sunny Loft 15 min. to Union Square,85,Private room,100 reviews,"Williamsburg, Brooklyn"
furnished bedroom available,45,Private room,12 reviews,"Sunset Park, Brooklyn"
"Creative Hub! Private, Unique, Fun!",55,Private room,16 reviews,"Bushwick, Brooklyn"
Private room in Wberg APT 3D,90,Private room,26 reviews,"Williamsburg, Brooklyn"
New Condo w/ Rooftop Penthouse,250,Entire home/apt,7 reviews,"Williamsburg, Brooklyn"
HIP ROOM 2 PRIME CHIC WILLYBURG!!,100,Private room,9 reviews,"Williamsburg, Brooklyn"
"Best located 2BD, & outdoor deck!",175,Entire home/apt,47 reviews,"Williamsburg, New York"
Chic Brooklyn Apt.- Private Room,65,Private room,13 reviews,"Bedford-Stuyvesant, Brooklyn"
Private Room in Modern Condo w/View,115,Private room,23 reviews,"Bedford-Stuyvesant, Brooklyn"
COZY and WARM Garden Apartment,150,Entire home/apt,37 reviews,"Fort Greene, Brooklyn"
Sunny Brand New Park Slope Studio,125,Entire home/apt,16 reviews,"Park Slope, Brooklyn"
Beautiful Williamsburg Apartment,145,Entire home/apt,23 reviews,"Williamsburg, Brooklyn"
Private Bedroom in Luxury Apartment,100,Private room,32 reviews,"Williamsburg, Brooklyn"
Awesome room in Williamsburg,90,Private room,26 reviews,"Williamsburg, Brooklyn"
Historic Townhouse in Williamsburg,475,Entire home/apt,4 reviews,"Williamsburg, Brooklyn"
"Sunny Room, Only 1 Block to Subway!",47,Private room,43 reviews,"Bedford-Stuyvesant, Brooklyn"
Huge private 2-bed Suite in Home,175,Entire home/apt,18 reviews,"Fort Greene, Brooklyn"
Chill Room in Bushwick,55,Private room,18 reviews,"Bushwick, Brooklyn"
"Airy room, nice yard w/hammock",45,Private room,9 reviews,"Windsor Terrace, Brooklyn"
Steps to P. Park & 4 Stops to City!,99,Entire home/apt,18 reviews,"Lefferts Garden, Brooklyn"
HIP + MODERN APT IN WILLIAMSBURG!,150,Entire home/apt,22 reviews,"Williamsburg, Brooklyn"
Apt with pilates studio in Wllmsbrg,80,Private room,107 reviews,"Williamsburg, Brooklyn"
NYC-Brooklyn #1 18 min to Manhattan,39,Private room,67 reviews,"Bedford-Stuyvesant, Brooklyn"
Garden Apartment in Townhouse,145,Entire home/apt,8 reviews,"Clinton Hill, Brooklyn"
Trendy Bushwick neighborhood,70,Private room,6 reviews,"Bushwick, Brooklyn"
NYC Big Group stay 1000/USD 30ppl,850,Entire home/apt,24 reviews,"Bedford-Stuyvesant, Brooklyn"
"Beautiful 3BR 2BA Condo, sleeps 6",220,Entire home/apt,28 reviews,"Bushwick, Brooklyn"
1BR Brownstone w/NYC Skyline View!,195,Entire home/apt,O reviews,"Park Slope, Brooklyn"
3 BR Apartment in Heart of Brooklyn,168,Entire home/apt,55 reviews,"Crown Heights, Brooklyn"
Rm available in central Ft Greene,75,Private room,9 reviews,"Fort Greene, Brooklyn"
Quintessential Bed Stuy Brownstone,119,Entire home/apt,6 reviews,"Bedford-Stuyvesant, Brooklyn"
Big Sunny Private Room Near Subway!,77,Private room,10 reviews,"Crown Heights, brooklyn"
"Lovely Home--Clinton Hill, Brooklyn",150,Entire home/apt,6 reviews,"Clinton Hill, Brooklyn"
Christmas in Park Slope Large 2br,145,Entire home/apt,O reviews,"Park Slope, Brooklyn"
Brooklyn - Boerum Hill Beauty,200,Entire home/apt,5 reviews,"Boerum Hill, Brooklyn"
Brooklyn Artist Loft,64,Private room,12 reviews,"Williamsburg, Brooklyn"
1BD in Modern Deco Williamsburg,85,Private room,5 reviews,"Williamsburg, Brooklyn"
Spacious room in shared brownstone,80,Private room,11 reviews,"Bedford-Stuyvesant, Brooklyn"
Private Room N BRKLN Loft@J/M/z,45,Private room,45 reviews,"Bedford-Stuyvesant, Brooklyn"
Cozy one bedroom on Bedford Ave,124,Entire home/apt,11 reviews,"Williamsburg, Brooklyn"
Beautiful Williamsburg Bedford Gem!,170,Entire home/apt,8 reviews,"Williamsburg, Brooklyn"
beautiful brownstone,125,Entire home/apt,24 reviews,"Bedford-Stuyvesant, Brooklyn"
Very Sunny Private Room with Bath,90,Private room,8 reviews,"Crown Heights, Brooklyn"
Private room in Fort Greene Bklyn,85,Private room,17 reviews,"Fort Greene, Brooklyn"
Best Room in Bushwick,45,Private room,13 reviews,"Bushwick, Brooklyn"
Private bedroom/bathroom/balcony,75,Private room,10 reviews,"Crown Heights, Brooklyn"
Adorable sunny 1 BR in Williamsburg,160,Entire home/apt,10 reviews,"Williamsburg, Brooklyn"
Enjoy New York! Williamsburg,75,Private room,1 review,"Williamsburg, Brooklyn"
Spacious Luxury Studio in Brooklyn,119,Entire home/apt,22 reviews,"Downtown Brooklyn, Brooklyn"
***Huge Room in Bright Open Loft***,110,Private room,29 reviews,"Williamsburg, Brooklyn"
Awesome studio in Bushwick!!!,88,Entire home/apt,13 reviews,"Bushwick, Brooklyn"
Entire Modern Loft with Balcony,135,Entire home/apt,52 reviews,"Bedford-Stuyvesant, Brooklyn"
Jazz it Up in Brooklyn,85,Private room,10 reviews,"Bedford-Stuyvesant, Brooklyn"
"Full bed in Bushwick, Brooklyn",65,Private room,8 reviews,"Bedford-Stuyvesant, Brooklyn"
Big sunny room just off bedford ave,69,Private room,37 reviews,"Williamsburg, Brooklyn"
Private Room for up to 3 People,50,Private room,40 reviews,"Sunset Park, Brooklyn"
Fabulous Industrial Dumbo Loft,125,Private room,34 reviews,"DUMBO, Brooklyn"
Industrial loft-Heart of Greenpoint,350,Entire home/apt,6 reviews,"Greenpoint, Brooklyn"
Sunny 1BR in Williamsburg,165,Entire home/apt,19 reviews,"Williamsburg, Brooklyn"
New City View Studio - Williamsburg,150,Entire home/apt,19 reviews,"Williamsburg, Brooklyn"
Only 1 minute-walk to Park & Metro!,62,Private room,25 reviews,"Lefferts Garden, Brooklyn"
Private Rm in Cozy Williamsburg Apt,90,Private room,4 reviews,"Williamsburg, Brooklyn"
Penthouse in the sky,164,Entire home/apt,46 reviews,"Greenpoint, Brooklyn"
♥ Feel@HOME Brooklyn Clinton Hill ♥,98,Entire home/apt,58 reviews,"Bedford-Stuyvesant, Brooklyn"
Cozy 1BD in Brooklyn,49,Private room,4 reviews,"Bath Beach, Brooklyn"
Cozy Private Bedroom in Greenpoint,80,Private room,37 reviews,"Greenpoint, Brooklyn"
1 Bedroom Apartment in Brooklyn,150,Entire home/apt,29 reviews,"Greenwood Heights, Brooklyn"
"Sunny, Quiet and Convenient Room",85,Private room,58 reviews,"Williamsburg, Brooklyn"
Queen Sleeper Sofa w/ Outdoor Deck,66,Shared room,24 reviews,"Clinton Hill, Brooklyn"
Best Top Apt in PRIME Williamsburg!,175,Entire home/apt,33 reviews,"Williamsburg, Brooklyn"
9th & Driggs Full Luxury 2BR/2BA!,300,Entire home/apt,41 reviews,"Williamsburg, Brooklyn"
Sunny Room in Bushwick,125,Private room,16 reviews,"Williamsburg, Brooklyn"
SPACIOUS ROOM NEAR PROSPECT PARK!,39,Private room,14 reviews,"Lefferts Garden, Brooklyn"
Private nook in Bushwick,45,Private room,16 reviews,"Bushwick, Brooklyn"
Attractive & Spacious Apartment,65,Private room,11 reviews,"Greenwood Heights, Brooklyn"
Private Bedroom with private bath#1,65,Private room,9 reviews,"Bushwick, Brooklyn"
Beautiful View Of Prospect Park!,100,Entire home/apt,23 reviews,"Lefferts Garden, Brooklyn"
Ideal Brooklyn Brownstone Apartment,165,Entire home/apt,62 reviews,"Bedford-Stuyvesant, Brooklyn"
Beautiful Room 1,79,Private room,7 reviews,"Bedford-Stuyvesant, Brooklyn"
Nature-Themed Studio Apartment,120,Entire home/apt,43 reviews,"Bushwick, Brooklyn"
"Airy, leafy & light-filled haven",72,Private room,17 reviews,"Flatbush, Brooklyn"
Quaint Studio Apt. $1200 monthly,50,Entire home/apt,2 reviews,"Bay Ridge, Brooklyn"
Home for the Holidays..In Brooklyn!,160,Entire home/apt,1 review,"Boerum Hill, Brooklyn"
Entire Spacious & Sunny Apartment,120,Entire home/apt,3 reviews,"Clinton Hill, Brooklyn"
Williamsburg penthouse w/ balcony,100,Private room,2 reviews,"Williamsburg, Brooklyn"
Bright Room in Prime Williasmburg,85,Private room,9 reviews,"Williamsburg, Brooklyn"
4 bedroom apartment,349,Entire home/apt,60 reviews,"Prospect Heights, Brooklyn"
Lofty Condo w/ Outdoor Space,125,Private room,4 reviews,"Prospect Heights, Brooklyn"
The Greenwood Grand - Stay Boutique,135,Entire home/apt,28 reviews,"Greenwood Heights, Brooklyn"
"HISTORIC WILLIAMSBURG, BKLYN",195,Entire home/apt,29 reviews,"Williamsburg, Brooklyn"
Spacious 4-BD/2BA Townhouse in PLG,270,Entire home/apt,2 reviews,"Crown Heights, Brooklyn"
Relaxing and Roomy in Crown Heights,50,Private room,15 reviews,"Crown Heights, Brooklyn"
Suite with eat-in Kitchen,80,Private room,4 reviews,"Bushwick, Brooklyn"
Artist's Brooklyn Guestroom!,39,Private room,O reviews,"Kensington, Brooklyn"
The artist's house part 3,60,Private room,10 reviews,"Lefferts Garden, Brooklyn"
HUGE room/ Williamsburg Waterfront!,90,Private room,54 reviews,"Williamsburg, Brooklyn"
Magic in Cobble Hill!,100,Private room,42 reviews,"Brooklyn Heights, Brooklyn"
"3BR, 2 bathroom condo in Bushwick",220,Entire home/apt,40 reviews,"Bushwick, Brooklyn"
Room in large bright Wburg apt,55,Private room,3 reviews,"Williamsburg, Brooklyn"
Studio in Brownstone - Brooklyn 3F,110,Entire home/apt,43 reviews,"Clinton Hill, Brooklyn"
BLYN BROWNSTONE CORZY CORNER in NYC,59,Private room,31 reviews,"Bushwick, Brooklyn"
Lovely 1 BR in Historic Brownstone,100,Entire home/apt,13 reviews,"Bedford-Stuyvesant, Brooklyn"
Beautiful  Room in Williamsburg PH!,91,Private room,1 review,"Williamsburg, Brooklyn"
Mod Brooklyn Apartment 1,60,Private room,5 reviews,"Bushwick, Brooklyn"
"SHARED, Loft Rm. w/storage space",49,Shared room,9 reviews,"Williamsburg, Brooklyn"
Architect's home in Park Slope,250,Entire home/apt,3 reviews,"Park Slope, Brooklyn"
Large and sunny bedroom in Brooklyn,65,Private room,28 reviews,"Crown Heights, Brooklyn"
Park Slope 1bdr - lively convenient,120,Entire home/apt,3 reviews,"Park Slope, Brooklyn"
Park Slope private room by subway,85,Private room,203 reviews,"Park Slope, Brooklyn"
Classic Artist Loft Williamsburg,125,Private room,89 reviews,"Williamsburg, Brooklyn"
Brooklyn Life - Garden Apartment,125,Entire home/apt,1 review,"Bedford-Stuyvesant, Brooklyn"
Prospect Heights/Park Slope Beauty,150,Entire home/apt,48 reviews,"Prospect Heights, Brooklyn"
Luxe New Queen Br near Subways,55,Private room,2 reviews,"Crown Heights, Brooklyn"
Bedroom in a spacious artsy Loft B,50,Private room,12 reviews,"Williamsburg, Brooklyn"
NYC-Brooklyn #5 18 min to Manhattan,35,Private room,91 reviews,"Bedford-Stuyvesant, Brooklyn"
SUNNY BIG ROOM IN STYLISH APT,80,Private room,13 reviews,"Bedford-Stuyvesant, New York"
Spacious Room next to the Morgan L,55,Private room,3 reviews,"Williamsburg, Brooklyn"
Modern and Spacious 1 Bdr Apartment,250,Entire home/apt,2 reviews,"Williamsburg, Brooklyn"
Crown Heights Room By Prospect Park,70,Private room,4 reviews,"Crown Heights, Brooklyn"
NYC-Brooklyn #1 18 min to Manhattan,39,Private room,67 reviews,"Bedford-Stuyvesant, Brooklyn"
Sunny Williamsburg Bridge Apartment,195,Entire home/apt,10 reviews,"Williamsburg, Brooklyn"
Stunning  Limestone  1 Bdrm Flat,120,Entire home/apt,19 reviews,"Crown Heights, Brooklyn"
Bright trendy Williamsburg 1BR,155,Entire home/apt,14 reviews,"Williamsburg, Brooklyn"
Spacious 4-BD/2BA Townhouse in PLG,270,Entire home/apt,2 reviews,"Crown Heights, Brooklyn"
PRIVATE 2 BR SUITE N 2 STORY DUPLEX,69,Private room,13 reviews,"Williamsburg, Brooklyn"
NYC Special Occasions Room #2,27,Private room,63 reviews,"Bedford-Stuyvesant, Brooklyn"
Private Room - Bedford Ave. W'Burg,85,Private room,3 reviews,"Williamsburg, Brooklyn"
Entire apartment for the holidays,125,Entire home/apt,17 reviews,"Flatbush, Brooklyn"
1b prime N Williamsburg NYC,150,Entire home/apt,4 reviews,"Williamsburg, Brooklyn"
"HUGE, modern 2-LEVEL Brooklyn apt",250,Entire home/apt,21 reviews,"DUMBO, Brooklyn"
"Lovely Room, HUGE 5000 sqft Loft 2",95,Private room,17 reviews,"Clinton Hill, Brooklyn"
"Brooklyn, A Big Bedroom, Good Vibes",58,Private room,9 reviews,"Crown Heights, Brooklyn"
Cozy 2 Bedroom 20 Min from City,135,Entire home/apt,64 reviews,"Bedford-Stuyvesant, Brooklyn"
Serene Park Slope Garden Apartment,160,Entire home/apt,17 reviews,"Park Slope, Brooklyn"
Cozy Williamsburg Apt. w/ Terrace..,135,Entire home/apt,22 reviews,"Williamsburg, Brooklyn"
Magic in Cobble Hill!,100,Private room,42 reviews,"Brooklyn Heights, Brooklyn"
Spacious w/ Private Rooftop!,95,Private room,13 reviews,"Williamsburg, Brooklyn"
SPACIOUS GEM IN CROWN HEIGHTS!,150,Entire home/apt,10 reviews,"Crown Heights, Brooklyn"
Private room in Brooklyn,178,Private room,16 reviews,"Park Slope, Brooklyn"
Sunny 1br apt in Bay Ridge,65,Entire home/apt,13 reviews,"Bay Ridge, Brooklyn"
Beautiful Fresh Studio for Sublet,140,Entire home/apt,34 reviews,"Clinton Hill, Brooklyn"
Private room with separate entrance,60,Private room,3 reviews,"Greenpoint, Brooklyn"
"Friendly, cozy 1BR in Williamsburg",75,Private room,34 reviews,"Williamsburg, Brooklyn"
